source_index,source_label,label,stimulus_index,stimulus_s,annotation_onset_s,annotation_duration_ms,polarity,start_s,end_s,start_latency_ms,peak_latency_ms,end_latency_ms,duration_ms,peak_width_ms,min_amplitude,max_amplitude,signed_peak_amplitude,absolute_peak_amplitude,p2p_amplitude,prominence,auc_abs,rms,baseline_median,baseline_noise,amplitude_noise_ratio,p2p_noise_ratio,prominence_noise_ratio,bounds_inferred,component_rank,included_in_calibration,exclusion_reason,er_to_mr_ms,mr_to_lr_ms
0,mr,mr,290,284.49273681640625,284.51654052734375,3.021240234375,-1,284.5165,284.5195,23.76318359375773,25.26318359372226,26.763183593743634,2.999999999985903,1.776204080742009,-1.2612500004470348,-0.8099999837577343,-1.2612500004470348,1.2612500004470348,0.45125001668930054,0.21624994277954102,3.454453121870756,1.141342151319525,-0.10593749955296516,0.13134909068467096,9.602274320078171,3.4355016417480497,1.6463756364990076,False,1,False,peak_latency_ms_outlier,,
1,lr,lr,290,284.49273681640625,284.53057861328125,3.0517578125,1,284.5305,284.53375,37.763183593767735,38.26318359375591,41.013183593747726,3.249999999979991,0.6943318643452843,0.03812499716877937,0.12843750044703484,0.12843750044703484,0.12843750044703484,0.09031250327825546,0.00812500063329935,0.3094140604225686,0.09888679998764997,-0.10593749955296516,0.13134909068467096,0.9778331907555724,0.6875761591305432,0.06185806533525988,False,1,True,,,13.000000000033651
2,er,er,291,284.99273681640625,285.0030822753906,3.021240234375,1,285.003,285.006,10.263183593735903,12.51318359373954,13.263183593721806,2.999999999985903,0.931816408451315,0.3942187502980232,0.48078126460313797,0.48078126460313797,0.48078126460313797,0.08656251430511475,0.0065625011920928955,1.3657812625169754,0.45460133985075796,-0.21328125149011612,0.06162054791897535,7.802288049033832,1.4047670335378306,0.10649858551601822,False,1,True,,,
3,mr,mr,291,284.99273681640625,285.012451171875,3.021240234375,-1,285.0125,285.0155,19.76318359373863,20.263183593726808,22.763183593724534,2.999999999985903,0.7381106408767074,-0.939218781888485,-0.6498437747359276,-0.939218781888485,0.939218781888485,0.2893750071525574,0.026250004768371582,2.5288281440734863,0.8437328390238167,-0.21328125149011612,0.06162054791897535,15.241973880587048,4.6960797481556895,0.4259943420640729,False,1,True,,7.749999999987267,
4,lr,lr,291,284.99273681640625,285.02593994140625,3.021240234375,1,285.026,285.029,33.26318359376046,35.5131835937641,36.26318359374636,2.999999999985903,0.8980973749200933,0.4204687550663948,0.5229687467217445,0.5229687467217445,0.5229687467217445,0.10249999165534973,0.01124998927116394,1.457890622317791,0.4857587336726203,-0.21328125149011612,0.06162054791897535,8.486921398514573,1.6634060409544982,0.1825687964663429,False,1,True,,,15.25000000003729
5,lr,lr,291,284.99273681640625,285.0440673828125,3.021240234375,1,285.044,285.047,51.26318359373272,51.76318359377774,54.263183593775466,3.0000000000427463,0.6043394333790657,0.5185937657952309,0.6301562562584877,0.6301562562584877,0.6301562562584877,0.11156249046325684,0.014062494039535522,1.7489062584936619,0.5829819227409404,-0.21328125149011612,0.06162054791897535,10.226398134062002,1.8104754701297037,0.22821111649358017,False,2,True,,,31.50000000005093
6,er,er,297,287.9930114746094,288.00762939453125,1.495361328125,1,288.00775,288.009,14.738525390612267,15.988525390639552,15.988525390639552,1.2500000000272848,0.75,0.2612499985843897,0.3599999938160181,0.3599999938160181,0.3599999938160181,0.09874999523162842,0.09874999523162842,0.3950781305320561,0.31701260382483426,-0.05687499977648258,0.11907131493017077,3.023398154518909,0.8293348846406897,0.8293348846406897,False,1,True,,,
7,mr,mr,297,287.9930114746094,288.0145568847656,0.0,-1,288.012,288.0155,18.988525390625455,20.488525390646828,22.488525390599534,3.4999999999740794,2.169719591458242,-0.9637499954551458,-0.5384374763816595,-0.9637499954551458,0.9637499954551458,0.42531251907348633,0.3553124666213989,2.86460938770324,0.8128310976019837,-0.05687499977648258,0.11907131493017077,8.09388891035877,3.5719141870811653,2.984030761983031,True,1,True,,4.500000000007276,
8,lr,lr,297,287.9930114746094,288.02130126953125,1.495361328125,1,288.02125,288.02275,28.238525390634095,29.488525390604536,29.738525390598625,1.4999999999645297,0.2874999105931608,-0.05156250111758709,-0.014374999329447746,-0.014374999329447746,0.05156250111758709,0.03718750178813934,0.0040625035762786865,0.042031251825392246,0.03179524467242115,-0.05687499977648258,0.11907131493017077,0.43303881499776714,0.31231285057990593,0.034118238961761166,False,1,True,,,8.999999999957708
9,lr,lr,297,287.9930114746094,288.0303649902344,1.495361328125,1,288.03025,288.03175,37.23852539064865,37.23852539064865,38.73852539061318,1.4999999999645297,0.875,0.31750000454485416,0.35312498547136784,0.35312498547136784,0.35312498547136784,0.03562498092651367,0.03562498092651367,0.508437498472631,0.33866133941611815,-0.05687499977648258,0.11907131493017077,2.9656595770228753,0.299190287328278,0.299190287328278,False,2,True,,,16.75000000000182
10,lr,lr,297,287.9930114746094,288.0469970703125,1.495361328125,1,288.047,288.0485,53.988525390650466,55.23852539062091,55.488525390614996,1.4999999999645297,0.4099998474121094,0.46593750454485416,0.51812500692904,0.51812500692904,0.51812500692904,0.05218750238418579,0.010937511920928955,0.7502343719825149,0.4985175550505206,-0.05687499977648258,0.11907131493017077,4.351383935189544,0.43828778085461717,0.0918568164577946,False,3,True,,,34.74999999997408
11,er,er,299,288.9932556152344,289.0062561035156,1.495361328125,1,289.00625,289.00775,12.994384765647737,14.494384765612267,14.494384765612267,1.4999999999645297,0.875,-0.16328126192092896,-0.07765625417232513,-0.07765625417232513,0.16328126192092896,0.08562500774860382,0.08562500774860382,0.17632812820374966,0.12141762851500253,-0.1145312488079071,0.09127256106399,1.7889413862995978,0.9381243031908927,0.9381243031908927,False,1,True,,,
12,mr,mr,299,288.9932556152344,289.01263427734375,1.495361328125,-1,289.01275,289.01425,19.49438476560772,19.49438476560772,20.994384765629093,1.5000000000213731,0.875,-1.2398437559604645,-1.0810936987400055,-1.2398437559604645,1.2398437559604645,0.15875005722045898,0.15875005722045898,1.7561718970537186,1.170528877781498,-0.1145312488079071,0.09127256106399,13.583970270005093,1.7392966228827675,1.7392966228827675,False,1,True,,4.9999999999954525,
13,lr,lr,299,288.9932556152344,289.0281982421875,3.021240234375,1,289.02825,289.03125,34.9943847656391,34.9943847656391,37.994384765625,2.999999999985903,1.625,0.1564062498509884,0.3370312452316284,0.3370312452316284,0.3370312452316284,0.18062499538064003,0.18062499538064003,0.7356249946169555,0.2520795288712333,-0.1145312488079071,0.09127256106399,3.6925801281651363,1.9789627164510724,1.9789627164510724,False,1,True,,,15.500000000031378
14,lr,lr,299,288.9932556152344,289.04632568359375,3.0517578125,1,289.04625,289.0495,52.99438476561136,52.99438476561136,56.24438476564819,3.2500000000368345,1.75,0.34546874463558197,0.40171873569488525,0.40171873569488525,0.40171873569488525,0.056249991059303284,0.056249991059303284,1.2285546828061342,0.3780631708095551,-0.1145312488079071,0.09127256106399,4.40130890392399,0.6162858848659583,0.6162858848659583,False,2,True,,,33.50000000000364
15,mr,mr,308,293.49176025390625,293.50628662109375,1.495361328125,-1,293.50625,293.50775,14.489746093772737,14.489746093772737,15.989746093737267,1.4999999999645297,0.875,-1.128281269222498,-1.0151562429964542,-1.128281269222498,1.128281269222498,0.1131250262260437,0.1131250262260437,1.6232031267136335,1.0812984742558327,0.10140625014901161,0.14409018367524257,7.830382614859267,0.7850987717595694,0.7850987717595694,False,1,False,peak_latency_ms_outlier,-124.74999999994907,
16,lr,lr,308,293.49176025390625,293.5287780761719,3.021240234375,1,293.52875,293.53175,36.989746093752274,39.23974609375591,39.98974609373818,2.999999999985903,1.0775387000557608,0.1264062486588955,0.20890625938773155,0.20890625938773155,0.20890625938773155,0.08250001072883606,0.0065625011920928955,0.5647265613079071,0.18830833897454471,0.10140625014901161,0.14409018367524257,1.4498299194244528,0.5725581620103878,0.045544401601179015,False,1,True,,,24.749999999983174
17,lr,lr,308,293.49176025390625,293.54693603515625,3.021240234375,1,293.547,293.55,55.239746093775466,56.989746093734084,58.23974609376137,2.999999999985903,2.0124982515987035,0.24640625342726707,0.26765626296401024,0.26765626296401024,0.26765626296401024,0.021250009536743164,0.017187505960464478,0.7839453145861626,0.26041801587360897,0.10140625014901161,0.14409018367524257,1.857560703560951,0.14747714934306327,0.11928297627271064,False,2,True,,,42.49999999996135
18,er,er,308,293.49176025390625,293.6120910644531,21.17919921875,1,293.612,293.63325,120.23974609377319,139.2397460937218,141.48974609372544,21.24999999995225,2.323333313067753,-0.4857812561094761,0.030156251043081284,0.030156251043081284,0.4857812561094761,0.5159375071525574,0.09687500074505806,4.255078119633254,0.2485670724849756,0.10140625014901161,0.14409018367524257,3.3713695389850664,3.580656877469199,0.6723220019165194,False,1,False,peak_latency_ms_outlier;duration_ms_outlier,,
19,er,er,312,295.4914855957031,295.5048828125,0.0,1,295.5055,295.5065,14.014404296858629,14.764404296897737,15.014404296891826,1.0000000000331966,0.5340092602861977,1.1856249496340752,1.2890624925494194,1.2890624925494194,1.2890624925494194,0.10343754291534424,0.056874990463256836,1.2588671818375587,1.2494303455617668,-0.14343749731779099,0.1459434391569346,8.832616937053785,0.7087508935849914,0.389705702372126,True,1,True,,,
20,mr,mr,312,295.4914855957031,295.50885009765625,3.021240234375,-1,295.50875,295.51175,17.264404296895464,18.264404296871817,20.264404296881366,2.999999999985903,1.6838748809773296,-0.7484375312924385,-0.39281249791383743,-0.7484375312924385,0.7484375312924385,0.3556250333786011,0.23000001907348633,1.8880468681454659,0.6261221109814431,-0.14343749731779099,0.1459434391569346,5.1282711687206115,2.436731897185138,1.5759531254170647,False,1,True,,3.4999999999740794,
21,lr,lr,312,295.4914855957031,295.5205078125,1.52587890625,1,295.5205,295.522,29.01440429690183,29.01440429690183,30.51440429686636,1.4999999999645297,0.875,0.6274999901652336,0.6428124830126762,0.6428124830126762,0.6428124830126762,0.015312492847442627,0.015312492847442627,0.948085930198431,0.6328755305226432,-0.14343749731779099,0.1459434391569346,4.404531555005037,0.10492073460717156,0.10492073460717156,False,1,True,,,10.750000000030013
22,lr,lr,312,295.4914855957031,295.5310974121094,1.52587890625,1,295.531,295.5325,39.51440429688091,40.76440429685135,41.014404296902285,1.5000000000213731,0.4218731373530744,0.8368750140070915,0.8640624806284904,0.8640624806284904,0.8640624806284904,0.027187466621398926,0.0015624761581420898,1.2858593501150608,0.8562126589076973,-0.14343749731779099,0.1459434391569346,5.920529799899771,0.18628769322178257,0.010706039046139934,False,2,True,,,22.499999999979536
23,er,er,321,299.9912414550781,300.0040588378906,0.0,1,300.0045,300.0055,13.258544921882276,14.258544921858629,14.258544921858629,0.9999999999763531,0.625,0.13374999910593033,0.14749999716877937,0.14749999716877937,0.14749999716877937,0.013749998062849045,0.013749998062849045,0.14015624905005097,0.14034569369620964,-0.08312499895691872,0.11142665526964701,1.323740686748935,0.12339954052802471,0.12339954052802471,True,1,True,,,
24,mr,mr,321,299.9912414550781,300.0082092285156,1.52587890625,-1,300.00825,300.00975,17.008544921850444,17.258544921901375,18.508544921871817,1.5000000000213731,0.13541688742423597,-1.4243750534951687,-1.2078125439584255,-1.4243750534951687,1.4243750534951687,0.21656250953674316,0.0018750429153442383,2.0201172027736902,1.3445006649491609,-0.08312499895691872,0.11142665526964701,12.783072865718273,1.943543122717563,0.016827597587011175,False,1,True,,3.0000000000427463,
25,lr,lr,321,299.9912414550781,300.0169982910156,3.021240234375,1,300.017,300.02,25.758544921870907,28.008544921874545,28.75854492185681,2.999999999985903,0.846709148962359,-0.36781251057982445,-0.25749998912215233,-0.25749998912215233,0.36781251057982445,0.11031252145767212,0.005312502384185791,0.8655468709766865,0.2928223123305603,-0.08312499895691872,0.11142665526964701,3.300938269121839,0.9900011912833716,0.04767712331784345,False,1,True,,,10.74999999997317
26,lr,lr,321,299.9912414550781,300.03363037109375,3.021240234375,1,300.03375,300.03675,42.508544921872726,43.25854492185499,45.50854492185863,2.999999999985903,1.1251189703157658,0.8115624822676182,0.938749972730875,0.938749972730875,0.938749972730875,0.12718749046325684,0.03812497854232788,2.681914050132036,0.8920445287831384,-0.08312499895691872,0.11142665526964701,8.42482411824304,1.1414458251077302,0.34215312709573226,False,2,True,,,25.999999999953616
27,er,er,323,300.9912414550781,301.003662109375,1.495361328125,1,301.00375,301.00525,12.508544921900011,13.258544921882276,14.00854492186454,1.4999999999645297,0.7499999999999999,0.266718752682209,0.3020312488079071,0.3020312488079071,0.3020312488079071,0.03531249612569809,0.009687498211860657,0.44078125339001417,0.2920358382085298,-0.15703125298023224,0.1056352486744523,2.8591900203568397,0.3342870544521031,0.09170706116966391,False,1,True,,,
28,mr,mr,323,300.9912414550781,301.00970458984375,1.52587890625,-1,301.00975,301.01125,18.508544921871817,18.508544921871817,20.00854492189319,1.5000000000213731,0.875,-2.117343708872795,-1.8651562184095383,-2.117343708872795,2.117343708872795,0.25218749046325684,0.25218749046325684,3.040351487696171,2.023743656898547,-0.15703125298023224,0.1056352486744523,20.043912760579044,2.3873422330878458,2.3873422330878458,False,1,True,,5.249999999989541,
29,lr,lr,323,300.9912414550781,301.0187683105469,1.52587890625,1,301.01875,301.02025,27.50854492188637,29.0085449218509,29.0085449218509,1.4999999999645297,0.875,-0.15265624225139618,-0.12828125059604645,-0.12828125059604645,0.15265624225139618,0.02437499165534973,0.02437499165534973,0.20929687097668648,0.13989012803172132,-0.15703125298023224,0.1056352486744523,1.445125979888149,0.23074676266885885,0.23074676266885885,False,1,True,,,10.499999999979082
30,er,er,332,305.4909973144531,305.5012512207031,0.0,1,305.501,305.50275,10.002685546851353,11.252685546878638,11.752685546866815,1.7500000000154614,0.921034635990401,-0.17625001072883606,-0.05812498927116394,-0.05812498927116394,0.17625001072883606,0.11812502145767212,0.036875009536743164,0.13960937410593033,0.09390852668486968,0.4415625035762787,0.20501579008698462,0.8596899324391368,0.5761752370759039,0.1798642412913549,True,1,True,,,
31,mr,mr,332,305.4909973144531,305.506103515625,3.021240234375,-1,305.506,305.509,15.002685546846806,15.002685546846806,18.002685546889552,3.0000000000427463,1.625,-2.997500032186508,-2.1040625274181366,-2.997500032186508,2.997500032186508,0.8934375047683716,0.8934375047683716,7.997695371508598,2.6739624197543215,0.4415625035762787,0.20501579008698462,14.620825210169038,4.357896064441191,4.357896064441191,False,1,False,peak_latency_ms_outlier,3.7499999999681677,
32,lr,lr,332,305.4909973144531,305.5201416015625,0.0,1,305.51875,305.52175,27.75268554688637,29.2526855468509,30.75268554687227,2.999999999985903,1.8400794309163104,-0.2509375065565109,-0.02781251072883606,-0.02781251072883606,0.2509375065565109,0.22312499582767487,0.20624999701976776,0.337343767285347,0.14323848722806798,0.4415625035762787,0.20501579008698462,1.2239911201475873,1.088330785316618,1.0060200579294867,True,1,True,,,14.250000000004093
33,mr,mr,333,305.9909973144531,306.00872802734375,1.495361328125,-1,306.00875,306.01025,17.752685546895464,17.752685546895464,19.252685546859993,1.4999999999645297,0.875,-1.6576562896370888,-1.4742187038064003,-1.6576562896370888,1.6576562896370888,0.18343758583068848,0.18343758583068848,2.3592578135430813,1.5729807504523006,-0.11484374850988388,0.13922540326751767,11.90627752359208,1.3175583013267942,1.3175583013267942,False,1,True,,-27.749999999969077,
34,lr,lr,333,305.9909973144531,306.02056884765625,1.52587890625,1,306.0205,306.022,29.50268554690183,29.50268554690183,31.00268554686636,1.4999999999645297,0.875,0.1273437486961484,0.17578125,0.17578125,0.17578125,0.048437501303851604,0.048437501303851604,0.23097655933815986,0.15453070643023817,-0.11484374850988388,0.13922540326751767,1.2625659245693928,0.3479070641352736,0.3479070641352736,False,1,True,,,11.750000000006366
35,lr,lr,333,305.9909973144531,306.0296630859375,1.495361328125,1,306.02975,306.03125,38.75268554685363,38.75268554685363,40.252685546875,1.5000000000213731,0.875,0.3257812485098839,0.3810937628149986,0.3810937628149986,0.3810937628149986,0.055312514305114746,0.055312514305114746,0.5212109386920929,0.34885334782804944,-0.11484374850988388,0.13922540326751767,2.7372430165114174,0.3972875136790469,0.3972875136790469,False,2,True,,,20.999999999958163
36,er,er,333,305.9909973144531,306.0364685058594,24.200439453125,1,306.0365,306.06075,45.50268554686454,45.50268554686454,69.75268554685954,24.249999999994998,12.25,-0.3242187574505806,0.11921874852851033,0.11921874852851033,0.3242187574505806,0.44343750597909093,0.44343750597909093,3.913007841387298,0.19125964662848796,-0.11484374850988388,0.13922540326751767,2.3287327588313995,3.18503301532579,3.18503301532579,False,1,False,peak_latency_ms_outlier;duration_ms_outlier,,
37,er,er,334,306.4909973144531,306.50421142578125,1.495361328125,1,306.50425,306.50575,13.252685546888188,14.502685546858629,14.752685546852717,1.4999999999645297,0.3920455715380272,0.03749999962747097,0.1178125012665987,0.1178125012665987,0.1178125012665987,0.08031250163912773,0.005312502384185791,0.1450781268067658,0.0976436253132812,-0.017812499776482582,0.09636899646520614,1.2225145595361129,0.8333852648151673,0.055126675373275896,False,1,True,,,
38,mr,mr,334,306.4909973144531,306.510498046875,1.52587890625,-1,306.5105,306.512,19.50268554685408,19.50268554685408,21.002685546875455,1.5000000000213731,0.875,-2.5899999048560858,-2.2471876051276922,-2.5899999048560858,2.5899999048560858,0.34281229972839355,0.34281229972839355,3.6448046127334237,2.430989885998512,-0.017812499776482582,0.09636899646520614,26.875862568426776,3.557288259737823,3.557288259737823,False,1,True,,4.9999999999954525,
39,lr,lr,334,306.4909973144531,306.5284729003906,1.495361328125,1,306.5285,306.53,37.502685546883185,38.50268554685954,39.002685546847715,1.4999999999645297,0.6458898639397873,0.186874995008111,0.2521874997764826,0.2521874997764826,0.2521874997764826,0.06531250476837158,0.010937497019767761,0.35398437920957804,0.23393387294431672,-0.017812499776482582,0.09636899646520614,2.61689453067548,0.6777335778520072,0.11349601449587292,False,1,True,,,19.000000000005457
40,er,er,336,307.4909973144531,307.501953125,0.0,1,307.50275,307.5035,11.752685546866815,12.252685546854991,12.50268554684908,0.7499999999822649,0.2940848320851282,0.22156249731779099,0.2815624959766865,0.2815624959766865,0.2815624959766865,0.05999999865889549,0.03187499847263098,0.19531249778810889,0.25516672416968583,-0.2368749976158142,0.1429319190636277,1.9699063569652755,0.419780263582593,0.22300825932688606,True,1,True,,,
41,mr,mr,336,307.4909973144531,307.5074462890625,3.021240234375,-1,307.5075,307.5105,16.50268554686818,18.25268554688364,19.50268554685408,2.999999999985903,1.567784471048558,-1.5490625500679016,-1.1406250596046448,-1.5490625500679016,1.5490625500679016,0.40843749046325684,0.17687499523162842,4.286523476243019,1.421342625312461,-0.2368749976158142,0.1429319190636277,10.837765001800049,2.8575666872662393,1.237477229651486,False,1,True,,6.000000000028649,
42,lr,lr,336,307.4909973144531,307.51727294921875,3.021240234375,1,307.51725,307.52025,26.252685546864996,26.252685546864996,29.2526855468509,2.999999999985903,1.625,-0.1587499976158142,0.01812499761581421,0.01812499761581421,0.1587499976158142,0.17687499523162842,0.17687499523162842,0.21742188930511475,0.09250374012715376,-0.2368749976158142,0.1429319190636277,1.1106686222070867,1.237477229651486,1.237477229651486,False,1,True,,,7.999999999981355
43,er,er,337,307.9909973144531,308.00390625,0.0,1,308.0045,308.0055,13.502685546882276,14.502685546858629,14.502685546858629,0.9999999999763531,0.625,0.23218750953674316,0.2665625065565109,0.2665625065565109,0.2665625065565109,0.03437499701976776,0.03437499701976776,0.24468750692903996,0.2459403263369517,-0.3050000071525574,0.0750566417902708,3.5514845881509185,0.45798741057215286,0.45798741057215286,True,1,True,,,
44,mr,mr,337,307.9909973144531,308.0079040527344,3.021240234375,-1,308.008,308.011,17.002685546856355,18.50268554687773,20.0026855468991,3.0000000000427463,1.811498445992148,-1.8490625023841858,-1.2809374928474426,-1.8490625023841858,1.8490625023841858,0.5681250095367432,0.2775000333786011,5.130937442183495,1.6962558088910804,-0.3050000071525574,0.0750566417902708,24.635561334478332,7.569283623483222,3.6972082251430005,False,1,True,,4.000000000019099,
45,lr,lr,337,307.9909973144531,308.02679443359375,1.495361328125,1,308.02675,308.02825,35.752685546867724,35.752685546867724,37.2526855468891,1.5000000000213731,0.875,0.09593750536441803,0.18718750774860382,0.18718750774860382,0.18718750774860382,0.09125000238418579,0.09125000238418579,0.24000000767409801,0.16064676068332967,-0.3050000071525574,0.0750566417902708,2.4939499461174663,1.215748536141062,1.215748536141062,False,1,True,,,17.249999999989996
46,er,er,338,308.4909973144531,308.5039367675781,0.0,1,308.5045,308.5055,13.502685546882276,14.502685546858629,14.502685546858629,0.9999999999763531,0.625,0.7359374817460775,0.8993750270456076,0.8993750270456076,0.8993750270456076,0.16343754529953003,0.16343754529953003,0.8276953082531691,0.8279076935682219,0.057499999180436134,0.06926521689975634,12.984511812721564,2.359590464230611,2.359590464230611,True,1,True,,,
47,mr,mr,338,308.4909973144531,308.5079650878906,3.021240234375,-1,308.508,308.511,17.002685546856355,19.002685546865905,20.0026855468991,3.0000000000427463,1.2769590139493592,-1.2350000087171793,-0.6240624729543924,-1.2350000087171793,1.2350000087171793,0.6109375357627869,0.11750006675720215,3.2460546251386404,1.0822069090262547,0.057499999180436134,0.06926521689975634,17.830017200473442,8.820264529698397,1.69637910651826,False,1,True,,4.500000000007276,
48,lr,lr,338,308.4909973144531,308.5177917480469,4.547119140625,1,308.51775,308.52225,26.752685546853172,29.00268554685681,31.252685546860448,4.500000000007276,2.0458560102521606,-0.2703124973922968,-0.05499999923631549,-0.05499999923631549,0.2703124973922968,0.2153124981559813,0.03093750076368451,0.4733593721903162,0.12879835444938462,0.057499999180436134,0.06926521689975634,3.9025720194236144,3.1085226870449416,0.44665276669036663,False,1,True,,,9.999999999990905
49,er,er,339,308.9909973144531,309.00439453125,1.495361328125,1,309.0045,309.006,13.502685546882276,14.752685546852717,15.002685546846806,1.4999999999645297,0.4419014145104898,0.012968748807907104,0.11359375156462193,0.11359375156462193,0.11359375156462193,0.10062500275671482,0.05062499828636646,0.09898437699303031,0.07008840950662269,-0.13453125208616257,0.12115620814561844,0.9375809403682629,0.8305393862753857,0.41784898241054186,False,1,True,,,
50,mr,mr,339,308.9909973144531,309.01043701171875,52.91748046875,-1,309.0105,309.06325,19.50268554685408,19.50268554685408,72.25268554685726,52.75000000000318,26.5,-1.41921878606081,0.5545312389731407,-1.41921878606081,1.41921878606081,1.9737500250339508,1.9737500250339508,17.802460972452536,0.43662746387495693,-0.13453125208616257,0.12115620814561844,11.713958432530687,16.290952442665485,16.290952442665485,False,1,False,duration_ms_outlier,4.750000000001364,
51,lr,lr,339,308.9909973144531,309.01800537109375,1.495361328125,1,309.018,309.0195,27.00268554684726,28.502685546868634,28.502685546868634,1.5000000000213731,0.875,-0.3635937348008156,-0.29640624672174454,-0.29640624672174454,0.3635937348008156,0.06718748807907104,0.06718748807907104,0.4924609325826168,0.3293247103831481,-0.13453125208616257,0.12115620814561844,3.001032636840284,0.5545525822194597,0.5545525822194597,False,1,True,,,9.000000000014552
52,er,er,346,312.4907531738281,312.5007629394531,0.0,1,312.50125,312.50225,10.496826171902285,11.496826171878638,11.496826171878638,0.9999999999763531,0.625,0.26999999955296516,0.2821875102818012,0.2821875102818012,0.2821875102818012,0.01218751072883606,0.01218751072883606,0.2765234373509884,0.27647088969335937,-0.10218750312924385,0.12185118727907537,2.31583718290334,0.1000196305098205,0.1000196305098205,True,1,True,,,
53,mr,mr,346,312.4907531738281,312.50653076171875,1.52587890625,-1,312.5065,312.508,15.746826171891826,16.49682617187409,17.246826171856355,1.4999999999645297,0.9595089921743875,-2.5681249015033245,-2.4409374110400677,-2.5681249015033245,2.5681249015033245,0.12718749046325684,0.09718751907348633,3.7935155499726534,2.5189818198925864,-0.10218750312924385,0.12185118727907537,21.07591201078375,1.0437936084443702,0.7975918925672679,False,1,True,,4.9999999999954525,
54,lr,lr,346,312.4907531738281,312.51910400390625,3.021240234375,1,312.519,312.52225,28.246826171880457,29.74682617190183,31.496826171860448,3.249999999979991,2.2810262781067747,0.14625000208616257,0.22937500849366188,0.22937500849366188,0.22937500849366188,0.08312500640749931,0.056562505662441254,0.6775390733964741,0.20640975956495278,-0.10218750312924385,0.12185118727907537,1.8824191508969466,0.6821846242426706,0.46419330763594724,False,1,True,,,13.25000000002774
55,er,er,347,312.9907531738281,313.0027160644531,0.0,1,313.0025,313.00425,11.746826171872726,12.74682617184908,13.496826171888188,1.7500000000154614,1.2945784206329414,0.07625000178813934,0.1615625023841858,0.1615625023841858,0.1615625023841858,0.08531250059604645,0.07062499970197678,0.24550781771540642,0.1367942677653175,-0.20656250417232513,0.1315807460233569,1.2278582335709423,0.648366141509052,0.5367426605822719,True,1,True,,,
56,mr,mr,347,312.9907531738281,313.0055847167969,3.021240234375,-1,313.0055,313.0085,14.746826171858629,16.74682617186818,17.746826171901375,3.0000000000427463,1.3953690673516401,-2.1440625339746475,-1.2178125530481339,-2.1440625339746475,2.1440625339746475,0.9262499809265137,0.17812514305114746,5.807343736290932,1.9296304039175103,-0.20656250417232513,0.1315807460233569,16.294652513932814,7.039403627960089,1.353732581965514,False,1,True,,4.000000000019099,
57,lr,lr,347,312.9907531738281,313.01654052734375,0.0,1,313.0145,313.01825,23.74682617187318,25.246826171894554,27.496826171898192,3.750000000025011,2.750136384599224,-0.4881249815225601,-0.4062500149011612,-0.4062500149011612,0.4881249815225601,0.08187496662139893,0.06968748569488525,1.61121092364192,0.43363505851526984,-0.20656250417232513,0.1315807460233569,3.7096991488094546,0.6222412404233162,0.5296176515256649,True,1,True,,,8.500000000026375
58,er,er,349,313.9907531738281,314.0003662109375,1.52587890625,1,314.00025,314.002,9.496826171869088,11.24682617188455,11.24682617188455,1.7500000000154614,1.0,-0.25609375536441803,-0.11328125,-0.11328125,0.25609375536441803,0.14281250536441803,0.14281250536441803,0.3036718796938658,0.1814279865626222,0.18140625208616257,0.04239309198260307,6.040931278839291,3.368768322514061,3.368768322514061,False,1,True,,,
59,mr,mr,349,313.9907531738281,314.0078125,3.021240234375,-1,314.00775,314.01075,16.996826171862267,17.746826171901375,19.99682617184817,2.999999999985903,1.3488145672089717,-2.547031156718731,-2.0782812759280205,-2.547031156718731,2.547031156718731,0.46874988079071045,0.17593741416931152,7.184492193162441,2.386376365853319,0.18140625208616257,0.04239309198260307,60.0812782838289,11.057223214175371,4.150143477185181,False,1,True,,6.500000000016826,
60,lr,lr,349,313.9907531738281,314.0179443359375,6.04248046875,1,314.018,314.024,27.24682617184726,27.24682617184726,33.24682617187591,6.000000000028649,3.125,-0.5595312640070915,-0.44703125208616257,-0.44703125208616257,0.5595312640070915,0.11250001192092896,0.11250001192092896,3.154335979372263,0.5256586641330574,0.18140625208616257,0.04239309198260307,13.198642463652035,2.6537345274814066,2.6537345274814066,False,1,True,,,9.499999999945885
61,er,er,350,314.4907531738281,314.5023193359375,1.52587890625,1,314.50225,314.50375,11.496826171878638,11.496826171878638,12.996826171900011,1.5000000000213731,0.875,-0.8914062604308128,-0.7617187723517418,-0.7617187723517418,0.8914062604308128,0.12968748807907104,0.12968748807907104,1.2926953248679638,0.8564368039680911,-0.18953124433755875,0.13528725905790925,6.588988990081094,0.9586082901092612,0.9586082901092612,False,1,True,,,
62,mr,mr,350,314.4907531738281,314.5080261230469,1.495361328125,-1,314.508,314.5095,17.246826171856355,17.996826171895464,18.74682617187773,1.5000000000213731,0.8414069907593033,-2.1417187079787254,-1.9954686984419823,-2.1417187079787254,2.1417187079787254,0.14625000953674316,0.06093740463256836,3.1576953269541264,2.0960877682877754,-0.18953124433755875,0.13528725905790925,15.830897328343166,1.0810331331654914,0.45042973785494694,False,1,True,,6.500000000016826,
63,lr,lr,350,314.4907531738281,314.51385498046875,6.04248046875,1,314.51375,314.52,22.996826171890916,24.746826171849534,29.24682617185681,6.249999999965894,2.4423075655155904,-0.14265625923871994,0.1510937437415123,0.1510937437415123,0.1510937437415123,0.29375000298023224,0.05874999612569809,0.6753515396267176,0.11321544420912365,-0.18953124433755875,0.13528725905790925,1.1168364618639892,2.171305746201078,0.43426111619683533,False,1,True,,,6.7499999999540705
64,er,er,358,318.4884948730469,318.50238037109375,0.0,1,318.502,318.50375,13.50512695313455,14.255126953116815,15.255126953150011,1.7500000000154614,1.2422479373243465,0.44062499329447746,0.48374999687075615,0.48374999687075615,0.48374999687075615,0.043125003576278687,0.03749999403953552,0.8250781195238233,0.4682398496557452,-0.08156250044703484,0.13876209742287174,3.4861825084449976,0.31078373977626633,0.27024666487460075,True,1,True,,,
65,mr,mr,358,318.4884948730469,318.5060119628906,4.547119140625,-1,318.506,318.5105,17.505126953096806,19.00512695311818,22.00512695310408,4.500000000007276,2.685510193893726,-2.1565625853836536,-1.2578125186264515,-2.1565625853836536,2.1565625853836536,0.8987500667572021,0.6968750953674316,8.3110156301409,1.841286691708873,-0.08156250044703484,0.13876209742287174,15.541438371399206,6.476913245396534,5.022085341098108,False,1,True,,4.750000000001364,
66,lr,lr,358,318.4884948730469,318.51727294921875,3.021240234375,1,318.51725,318.52025,28.755126953114996,30.505126953130457,31.7551269531009,2.999999999985903,1.2746703158282973,0.18125000223517418,0.3231250010430813,0.3231250010430813,0.3231250010430813,0.1418749988079071,0.017187505960464478,0.8844140656292439,0.2940225064044232,-0.08156250044703484,0.13876209742287174,2.3286258066449603,1.022433369362737,0.12386311737625488,False,1,True,,,11.500000000012278
67,er,er,361,319.9887390136719,320.0000915527344,1.495361328125,1,320.0,320.0015,11.260986328125,12.510986328152285,12.760986328146373,1.5000000000213731,0.12812507450587707,0.3906249962747097,0.5703124962747097,0.5703124962747097,0.5703124962747097,0.1796875,0.00031250715255737305,0.7685156259685755,0.5118331074783028,-0.08875000104308128,0.13343400150504894,4.274116715694312,1.346639521960232,0.0023420353810310354,False,1,True,,,
68,mr,mr,361,319.9887390136719,320.00445556640625,3.021240234375,-1,320.0045,320.0075,15.760986328132276,17.510986328147737,18.76098632811818,2.999999999985903,1.5215510630110285,-2.0621875561773777,-1.4993749894201756,-2.0621875561773777,2.0621875561773777,0.5628125667572021,0.21875,5.726289015263319,1.8978783709380258,-0.08875000104308128,0.13343400150504894,15.454738169561283,4.217909681258462,1.6393872441255,False,1,True,,4.9999999999954525,
69,lr,lr,361,319.9887390136719,320.01800537109375,3.021240234375,1,320.018,320.021,29.26098632809726,30.01098632813637,32.26098632814001,3.0000000000427463,1.512194824105174,0.4962499998509884,0.5281250141561031,0.5281250141561031,0.5281250141561031,0.031875014305114746,0.02437502145767212,1.5443749986588955,0.5137688613220598,-0.08875000104308128,0.13343400150504894,3.957949309765095,0.23888224849427636,0.18267473944225382,False,1,True,,,12.499999999988631
70,er,er,362,320.4884948730469,320.50054931640625,0.0,1,320.501,320.502,12.505126953101353,13.255126953140461,13.50512695313455,1.0000000000331966,0.6444448565252405,0.527968745213002,0.5539062428288162,0.5539062428288162,0.5539062428288162,0.02593749761581421,0.02593749761581421,0.5433593797497451,0.540388123875697,0.008281250018626451,0.12949584245206788,4.2774056088622405,0.20029598730488063,0.20029598730488063,True,1,True,,,
71,mr,mr,362,320.4884948730469,320.50738525390625,1.52587890625,-1,320.5075,320.509,19.00512695311818,19.00512695311818,20.505126953139552,1.5000000000213731,0.875,-1.8182811927981675,-1.5479687643237412,-1.8182811927981675,1.8182811927981675,0.27031242847442627,0.27031242847442627,2.598710938123986,1.7279110365009476,0.008281250018626451,0.12949584245206788,14.041232199954168,2.0874216759080957,2.0874216759080957,False,1,True,,5.749999999977717,
72,lr,lr,362,320.4884948730469,320.5169372558594,1.495361328125,1,320.517,320.5185,28.505126953120907,28.505126953120907,30.00512695314228,1.5000000000213731,0.875,0.05265625147148967,0.09234375087544322,0.09234375087544322,0.09234375087544322,0.03968749940395355,0.03968749940395355,0.10484374989755452,0.07223142900262028,0.008281250018626451,0.12949584245206788,0.7131020512077344,0.3064770161918028,0.3064770161918028,False,1,True,,,9.500000000002728
73,er,er,366,322.4884948730469,322.50115966796875,0.0,1,322.50175,322.50275,13.255126953140461,14.255126953116815,14.255126953116815,0.9999999999763531,0.625,0.40953126223757863,0.4854687419719994,0.4854687419719994,0.4854687419719994,0.07593747973442078,0.07593747973442078,0.4583984394557774,0.4570700108047215,-0.015781250316649675,0.13088577862652018,3.709102295653329,0.5801812888404536,0.5801812888404536,True,1,True,,,
74,mr,mr,366,322.4884948730469,322.5051574707031,3.021240234375,-1,322.50525,322.50825,16.75512695311454,19.00512695311818,19.755126953100444,2.999999999985903,1.2514710294461222,-0.754218730609864,-0.1370312455110252,-0.754218730609864,0.754218730609864,0.6171874850988388,0.12999999523162842,1.776992176193744,0.6061833231723652,-0.015781250316649675,0.13088577862652018,5.76241925230098,4.715466352230446,0.9932323938919344,False,1,True,,4.750000000001364,
75,lr,lr,366,322.4884948730469,322.514404296875,3.021240234375,1,322.5145,322.5175,26.00512695312318,26.505126953111358,29.005126953109084,2.999999999985903,0.8611108167676853,0.7485937741585076,0.7948437598533928,0.7948437598533928,0.7948437598533928,0.046249985694885254,0.009062528610229492,2.3391796848736703,0.7788894873766021,-0.015781250316649675,0.13088577862652018,6.072804610204924,0.3533614284165938,0.06923997935703334,False,1,True,,,7.499999999993179
76,er,er,367,322.9887390136719,323.0016174316406,0.0,1,323.002,323.003,13.26098632813455,14.260986328110903,14.260986328110903,0.9999999999763531,0.625,0.29250001162290573,0.3296874985098839,0.3296874985098839,0.3296874985098839,0.03718748688697815,0.03718748688697815,0.3099609427154064,0.3104736540399983,0.18312499672174454,0.11420652727335691,2.8867658126121505,0.3256161252322184,0.3256161252322184,True,1,True,,,
77,mr,mr,367,322.9887390136719,323.0078430175781,3.0517578125,-1,323.00775,323.011,19.010986328112267,19.010986328112267,22.2609863281491,3.2500000000368345,1.75,-1.7612499967217445,-0.8081249967217445,-1.7612499967217445,1.7612499967217445,0.953125,0.953125,4.406328098848462,1.38555052680846,0.18312499672174454,0.11420652727335691,15.421622903445241,8.34562632062759,8.34562632062759,False,1,True,,4.750000000001364,
78,lr,lr,367,322.9887390136719,323.01788330078125,1.495361328125,1,323.018,323.0195,29.26098632809726,29.26098632809726,30.760986328118634,1.5000000000213731,0.875,0.18812500685453415,0.26250001043081284,0.26250001043081284,0.26250001043081284,0.07437500357627869,0.07437500357627869,0.3440625071525574,0.23024271390770357,0.18312499672174454,0.11420652727335691,2.2984676681614773,0.6512325114155672,0.6512325114155672,False,1,True,,,10.249999999984993
79,er,er,371,324.9884948730469,325.0016174316406,1.52587890625,1,325.0015,325.00325,13.005126953146373,14.505126953110903,14.755126953104991,1.749999999958618,0.5071430323078139,0.6557812690734863,0.7642187476158142,0.7642187476158142,0.7642187476158142,0.10843747854232788,0.013437479734420776,1.2790234573185444,0.728352310251597,-0.32203125953674316,0.1315807570695877,5.80798260046224,0.8241135022880263,0.10212344140347393,False,1,True,,,
80,mr,mr,371,324.9884948730469,325.00567626953125,3.021240234375,-1,325.00575,325.00875,17.255126953102717,17.755126953147737,20.255126953145464,3.0000000000427463,0.59936269349594,-0.8779687881469727,-0.36109375953674316,-0.8779687881469727,0.8779687881469727,0.5168750286102295,0.033437490463256836,2.063398376107216,0.703790143956301,-0.32203125953674316,0.1315807570695877,6.672471018559734,3.9281961900924114,0.2541214324034715,False,1,True,,3.2500000000368345,
81,lr,lr,371,324.9884948730469,325.0157470703125,4.547119140625,1,325.01575,325.02025,27.255126953150466,28.505126953120907,31.7551269531009,4.4999999999504325,2.0655915001966076,0.46390625834465027,0.6160937547683716,0.6160937547683716,0.6160937547683716,0.1521874964237213,0.09125000238418579,2.49050784856081,0.5528034415990773,-0.32203125953674316,0.1315807570695877,4.682248137868251,1.1566090651327956,0.6934904800397781,False,1,True,,,10.74999999997317
82,er,er,375,326.9884948730469,326.9996337890625,1.52587890625,1,326.99975,327.00125,11.255126953130912,12.755126953152285,12.755126953152285,1.5000000000213731,0.875,0.0481250062584877,0.144687503867317,0.144687503867317,0.144687503867317,0.09656249760882929,0.09656249760882929,0.1691015698670526,0.11536693405847415,-0.1443750038743019,0.1084151210233569,1.3345694078609716,0.890673705820297,0.890673705820297,False,1,True,,,
83,mr,mr,375,326.9884948730469,327.004638671875,4.547119140625,-1,327.00475,327.00925,16.255126953126364,18.005126953141826,20.75512695313364,4.500000000007276,2.6145115539824433,-2.1828125342726707,-1.6046875342726707,-2.1828125342726707,2.1828125342726707,0.578125,0.38499999046325684,8.965546797960997,1.9849502914387747,-0.1443750038743019,0.1084151210233569,20.133838468919908,5.332512610260786,3.55116506654374,False,1,True,,5.249999999989541,
84,lr,lr,375,326.9884948730469,327.0218505859375,1.495361328125,1,327.02175,327.02325,33.25512695312227,34.755126953143645,34.755126953143645,1.5000000000213731,0.875,0.7456249967217445,0.9234375134110451,0.9234375134110451,0.9234375134110451,0.17781251668930054,0.17781251668930054,1.2917578108608723,0.8595079036412029,-0.1443750038743019,0.1084151210233569,8.517608103874183,1.6401080865001543,1.6401080865001543,False,1,True,,,16.75000000000182
85,er,er,381,329.9884948730469,330.0008850097656,1.495361328125,1,330.001,330.0025,12.505126953101353,14.005126953122726,14.005126953122726,1.5000000000213731,0.875,0.19343750178813934,0.42406249791383743,0.42406249791383743,0.42406249791383743,0.2306249961256981,0.2306249961256981,0.46820312086492777,0.32162266579299814,-0.09218750149011612,0.12717927698339335,3.3343678936719394,1.8133850230632491,1.8133850230632491,False,1,True,,,
86,mr,mr,381,329.9884948730469,330.00677490234375,1.495361328125,-1,330.00675,330.00825,18.255126953135914,19.00512695311818,19.755126953100444,1.4999999999645297,0.9495036472267402,-1.0896874889731407,-0.9684374555945396,-1.0896874889731407,1.0896874889731407,0.12125003337860107,0.09593749046325684,1.575429666787386,1.0412860726107742,-0.09218750149011612,0.12717927698339335,8.56812143314377,0.9533788542801159,0.7543484499898835,False,1,True,,4.9999999999954525,
87,lr,lr,381,329.9884948730469,330.0145263671875,3.021240234375,1,330.0145,330.0175,26.00512695312318,26.00512695312318,29.005126953109084,2.999999999985903,1.625,-0.06406249850988388,0.18843749910593033,0.18843749910593033,0.18843749910593033,0.2524999976158142,0.2524999976158142,0.24531250121071935,0.10463585879882027,-0.09218750149011612,0.12717927698339335,1.4816682684124387,1.9853863271198249,1.9853863271198249,False,1,True,,,7.000000000005002
