source_index,source_label,label,stimulus_index,stimulus_s,annotation_onset_s,annotation_duration_ms,polarity,start_s,end_s,start_latency_ms,peak_latency_ms,end_latency_ms,duration_ms,peak_width_ms,min_amplitude,max_amplitude,signed_peak_amplitude,absolute_peak_amplitude,p2p_amplitude,prominence,auc_abs,rms,baseline_median,baseline_noise,amplitude_noise_ratio,p2p_noise_ratio,prominence_noise_ratio,bounds_inferred,component_rank,included_in_calibration,exclusion_reason,er_to_mr_ms,mr_to_lr_ms,auto_label
0,er_auto,er,38,100.186996,100.199,2.7500000000060254,1,100.199,100.20175,12.004000000004567,13.504000000011729,14.754000000010592,2.7500000000060254,1.8385417322041229,0.14249999821186066,0.20500000566244125,0.20500000566244125,0.20500000566244125,0.0625000074505806,0.038437508046627045,0.5223828162997961,0.18786685156313296,-0.04781249910593033,0.11814469081386923,1.7351605412841447,0.5290124085985893,0.3253426606125139,False,1,True,,,,er_auto
1,mr_auto,mr,38,100.186996,100.20375,3.0000000000001137,-1,100.20375,100.20675,16.75400000000593,18.004000000004794,19.754000000006045,3.0000000000001137,1.8594726280610367,-0.494687519967556,-0.3449999913573265,-0.494687519967556,0.494687519967556,0.1496875286102295,0.13437500596046448,1.3216796927154064,0.4365816102435885,-0.04781249910593033,0.11814469081386923,4.1871328839220565,1.266984809719925,1.1373765933516662,False,1,True,,4.499999999993065,,mr_auto
2,lr_auto,lr,38,100.186996,100.20825,6.499999999988404,1,100.20825,100.21475,21.254000000013207,25.004000000009796,27.75400000000161,6.499999999988404,4.59748633008682,-0.14812500029802322,0.11999999731779099,0.11999999731779099,0.14812500029802322,0.2681249976158142,0.2290624976158142,0.49863281135912985,0.08717893295309016,-0.04781249910593033,0.11814469081386923,1.2537592614414337,2.2694629421666614,1.9388302262070343,False,1,True,,,7.000000000005002,lr_auto
3,lr_auto,lr,38,100.186996,100.2355,1.7500000000012506,1,100.2355,100.23725,48.50400000000832,49.254000000004794,50.25400000000957,1.7500000000012506,1.094329861148891,-0.5509374961256981,-0.5225000008940697,-0.5225000008940697,0.5509374961256981,0.028437495231628418,0.016875028610229492,0.9275390598922968,0.5319888133887241,-0.04781249910593033,0.11814469081386923,4.663243793101725,0.24070057685816962,0.1428335754571927,False,2,True,,,31.25,lr_auto
4,lr_auto,lr,38,100.186996,100.24225,1.5000000000071623,1,100.24225,100.24375,55.25400000000502,56.0040000000015,56.754000000012184,1.5000000000071623,1.0441179527660052,0.21937499195337296,0.23781249672174454,0.23781249672174454,0.23781249672174454,0.018437504768371582,0.017499998211860657,0.34738281182944775,0.23001655747658037,-0.04781249910593033,0.11814469081386923,2.0128919470144084,0.156058682293383,0.14812344161474836,False,3,True,,,37.9999999999967,lr_auto
5,er_auto,er,140,151.183746,151.1955,2.7499999999918145,1,151.1955,151.19825,11.753999999996267,13.503999999983307,14.503999999988082,2.7499999999918145,1.7034352914018145,1.3310938030481339,1.4432813078165054,1.4432813078165054,1.4432813078165054,0.11218750476837158,0.10500001907348633,3.8507812581956387,1.3953655075966274,0.34046874940395355,0.0952107328891754,15.15880892857399,1.1783073332599698,1.1028170447517254,False,1,True,,,,er_auto
6,mr_auto,mr,140,151.183746,151.2,1.7500000000154614,-1,151.2,151.20175,16.25399999997512,17.00399999998581,18.003999999990583,1.7500000000154614,1.1475068084632343,0.7817187458276749,0.8901562839746475,0.7817187458276749,0.8901562839746475,0.10843753814697266,0.058437466621398926,1.41199217364192,0.814905866290636,0.34046874940395355,0.0952107328891754,9.349327087007962,1.1389213679637689,0.6137697384329528,False,1,True,,3.500000000002501,,mr_auto
7,lr_auto,lr,140,151.183746,151.2105,1.2499999999988631,1,151.2105,151.21175,26.753999999982625,27.50399999999331,28.003999999981488,1.2499999999988631,0.7259613268446691,0.7120312601327896,0.7335937172174454,0.7335937172174454,0.7335937172174454,0.02156245708465576,0.015937447547912598,0.9076171703636646,0.724259147859915,0.34046874940395355,0.0952107328891754,7.704947698190109,0.22647086552473347,0.16739129155180088,False,1,True,,,10.500000000007503,lr_auto
8,lr_auto,lr,140,151.183746,151.21425,9.25000000000864,1,151.21425,151.2235,30.503999999979214,36.25399999998535,39.753999999987855,9.25000000000864,7.075264524959965,0.7704687267541885,0.9973437935113907,0.9973437935113907,0.9973437935113907,0.22687506675720215,0.19749999046325684,8.722148437052965,0.9410475770650201,0.34046874940395355,0.0952107328891754,10.475119382520576,2.3828728114222484,2.0743458691064314,False,2,True,,,19.249999999999545,lr_auto
9,er_auto,er,270,274.492737,274.504,3.7499999999681677,1,274.504,274.50775,11.263000000042211,13.51300000004585,15.01300000001038,3.7499999999681677,2.952128526366483,0.34484375547617674,0.606406251899898,0.606406251899898,0.606406251899898,0.2615624964237213,0.18312498927116394,2.077343748183921,0.5481548526925399,-0.03078124951571226,0.02849371919184923,21.282102480793856,9.179654458676021,6.426854565322864,False,1,True,,,,er_auto
10,mr_auto,mr,270,274.492737,274.50925,2.999999999985903,-1,274.50925,274.51225,16.513000000031752,17.763000000002194,19.513000000017655,2.999999999985903,2.148944451284602,-1.1307811932638288,-0.9292187290266156,-1.1307811932638288,1.1307811932638288,0.20156246423721313,0.19374996423721313,3.1980859180912375,1.057984107398626,-0.03078124951571226,0.02849371919184923,39.685278908317954,7.073926112631554,6.799742881323694,False,1,True,,4.249999999956344,,mr_auto
11,lr_auto,lr,270,274.492737,274.5395,7.000000000005002,1,274.5395,274.5465,46.762999999998556,50.51300000002357,53.76300000000356,7.000000000005002,3.999999740849392,0.3860937459394336,0.5273437602445483,0.5273437602445483,0.5273437602445483,0.14125001430511475,0.13875001668930054,3.2696875082328916,0.4664941103916403,-0.03078124951571226,0.02849371919184923,18.507368472817603,4.957233324090595,4.869494773746162,False,1,True,,,32.75000000002137,lr_auto
12,er_auto,er,284,281.492737,281.504,4.249999999956344,1,281.504,281.50825,11.263000000042211,13.51300000004585,15.512999999998556,4.249999999956344,3.0717114074506173,0.9639062564820051,1.153593746945262,1.153593746945262,1.153593746945262,0.18968749046325684,0.1878124475479126,4.6437890524975955,1.0873782162873087,0.03890624828636646,0.13737216055803,8.397580283073077,1.380829199254876,1.367179833126197,False,1,True,,,,er_auto
13,mr_auto,mr,284,281.492737,281.51,2.4999999999977263,-1,281.51,281.5125,17.263000000014017,18.263000000047214,19.763000000011743,2.4999999999977263,1.7189306730119012,-0.4798437375575304,-0.25109374709427357,-0.4798437375575304,0.4798437375575304,0.22874999046325684,0.21156248450279236,1.0125390598550439,0.3995789759122253,0.03890624828636646,0.13737216055803,3.4930202422988783,1.6651844852263655,1.540068116009737,False,1,True,,4.750000000001364,,mr_auto
14,lr_auto,lr,284,281.492737,281.5185,2.250000000003638,1,281.5185,281.52075,25.763000000040392,26.763000000016746,28.01300000004403,2.250000000003638,1.4705594436969835,0.5095312278717756,0.5298437755554914,0.5298437755554914,0.5298437755554914,0.02031254768371582,0.01406252384185791,1.1796484324149787,0.5231635121019383,0.03890624828636646,0.13737216055803,3.856995284948365,0.14786509581856078,0.10236807650642933,False,1,True,,,8.499999999969532,lr_auto
15,lr_auto,lr,284,281.492737,281.52375,10.74999999997317,1,281.52375,281.5345,31.013000000029933,33.01300000003948,41.7630000000031,10.74999999997317,3.311403486757349,0.5445312540978193,0.6448437254875898,0.6448437254875898,0.6448437254875898,0.10031247138977051,0.09468746185302734,6.441523449961096,0.5985585817964952,0.03890624828636646,0.13737216055803,4.694136882379374,0.7302241661067534,0.6892769355041817,False,2,True,,,14.74999999999227,lr_auto
16,lr_auto,lr,284,281.492737,281.54475,3.7499999999681677,1,281.54475,281.5485,52.01300000004494,53.51300000000947,55.76300000001311,3.7499999999681677,2.468299055318165,1.2245312612503767,1.3282812517136335,1.3282812517136335,1.3282812517136335,0.10374999046325684,0.09000003337860107,4.85378907667473,1.2908151324542785,0.03890624828636646,0.13737216055803,9.669217156648918,0.755247570117599,0.6551548218576823,False,3,True,,,35.249999999962256,lr_auto
17,er_auto,er,299,288.993256,289.0065,3.4999999999740794,1,289.0065,289.01,13.244000000042888,15.744000000040614,16.744000000016968,3.4999999999740794,2.260200556299079,-0.2979687452316284,-0.05328124761581421,-0.05328124761581421,0.2979687452316284,0.2446874976158142,0.09343749284744263,0.33421875163912773,0.12101372243315532,-0.1145312488079071,0.09127256106399,3.26460375120543,2.6808439991539954,1.0237194153228024,False,1,True,,,,er_auto
18,mr_auto,mr,299,288.993256,289.0115,2.0000000000095497,-1,289.0115,289.0135,18.24400000003834,19.244000000014694,20.24400000004789,2.0000000000095497,1.24204139582937,-1.2476562559604645,-1.1360937654972076,-1.2476562559604645,1.2476562559604645,0.11156249046325684,0.07187497615814209,2.433085933327675,1.210314514214749,-0.1145312488079071,0.09127256106399,13.669565545397035,1.2223004281105012,0.7874762723898093,False,1,True,,3.4999999999740794,,mr_auto
19,lr_auto,lr,299,288.993256,289.02625,4.750000000001364,1,289.02625,289.031,32.99400000003061,34.49400000005198,37.744000000031974,4.750000000001364,2.7991594543180303,0.16984374821186066,0.3479687422513962,0.3479687422513962,0.3479687422513962,0.17812499403953552,0.1731249950826168,1.3046484277583659,0.27611914285106165,-0.1145312488079071,0.09127256106399,3.812413481061848,1.9515722136322484,1.8967912488096081,False,1,True,,,15.25000000003729,lr_auto
20,lr_auto,lr,299,288.993256,289.04425,4.9999999999954525,1,289.04425,289.04925,50.99400000000287,52.99400000001242,55.99399999999832,4.9999999999954525,2.9953145936424295,0.3529687523841858,0.40171873569488525,0.40171873569488525,0.40171873569488525,0.04874998331069946,0.04656249284744263,1.9075390584766865,0.3804586409573111,-0.1145312488079071,0.09127256106399,4.40130890392399,0.5341143355944783,0.5101477629711548,False,2,True,,,33.749999999997726,lr_auto
21,er_auto,er,321,299.991241,300.00325,2.4999999999977263,1,300.00325,300.00575,12.008999999977732,14.25899999998137,14.508999999975458,2.4999999999977263,1.6829184710162624,0.05531249940395355,0.14749999716877937,0.14749999716877937,0.14749999716877937,0.09218749776482582,0.059999998193234205,0.3085546852671541,0.12170683239531999,-0.08312499895691872,0.11142665526964701,1.323740686748935,0.8273379250390009,0.5384707819510257,False,1,True,,,,er_auto
22,mr_auto,mr,321,299.991241,300.0075,1.7500000000154614,-1,300.0075,300.00925,16.25899999999092,17.259000000024116,18.00900000000638,1.7500000000154614,1.127075316261793,-1.4243750534951687,-1.2775000296533108,-1.4243750534951687,1.4243750534951687,0.1468750238418579,0.11000001430511475,2.4155469173565507,1.370662885148162,-0.08312499895691872,0.11142665526964701,12.783072865718273,1.3181318553126053,0.9871965916855364,False,1,True,,3.0000000000427463,,mr_auto
23,lr_auto,lr,321,299.991241,300.017,6.500000000016826,1,300.017,300.0235,25.758999999993648,28.008999999997286,32.259000000010474,6.500000000016826,4.4729886725888655,-0.36781251057982445,-0.25749998912215233,-0.25749998912215233,0.36781251057982445,0.11031252145767212,0.10093751549720764,1.9087499920278788,0.29808102943521175,-0.08312499895691872,0.11142665526964701,3.300938269121839,0.9900011912833716,0.9058650755776868,False,1,True,,,10.74999999997317,lr_auto
24,lr_auto,lr,321,299.991241,300.0325,5.499999999983629,1,300.0325,300.038,41.259000000025026,43.25899999997773,46.759000000008655,5.499999999983629,3.3261250029807883,0.6846874989569187,0.938749972730875,0.938749972730875,0.938749972730875,0.2540624737739563,0.22968745231628418,4.638281254097819,0.8405521531347588,-0.08312499895691872,0.11142665526964701,8.42482411824304,2.280087050617625,2.0613330962905767,False,2,True,,,25.999999999953616,lr_auto
25,er_auto,er,322,300.491241,300.503,3.2500000000368345,1,300.503,300.50625,11.758999999983644,13.009000000010928,15.009000000020478,3.2500000000368345,1.4945902355728773,0.3571875113993883,0.3784374911338091,0.3784374911338091,0.3784374911338091,0.021249979734420776,0.01656249165534973,1.2007421986199915,0.3688075429461361,-0.040312500670552254,0.10216040823832154,3.7043459169719024,0.2080060181910047,0.1621224106379104,False,1,True,,,,er_auto
26,mr_auto,mr,322,300.491241,300.50875,2.4999999999977263,-1,300.50875,300.51125,17.509000000018204,18.508999999994558,20.00900000001593,2.4999999999977263,1.6884084326449158,-2.116562394425273,-1.848125008866191,-2.116562394425273,2.116562394425273,0.26843738555908203,0.255312442779541,5.060156296007335,2.0108026793120435,-0.040312500670552254,0.10216040823832154,20.718029919063362,2.6276068213516406,2.4991329535796667,False,1,True,,5.499999999983629,,mr_auto
27,lr_auto,lr,322,300.491241,300.527,14.499999999998181,1,300.527,300.5415,35.75899999998455,40.50899999998592,50.258999999982734,14.499999999998181,7.749999909099273,-0.21375000290572643,-0.013437500223517418,-0.013437500223517418,0.21375000290572643,0.20031250268220901,0.16187500208616257,1.3558203065767884,0.10924849654203073,-0.040312500670552254,0.10216040823832154,2.092297853852412,1.9607645088390466,1.5845179642248277,False,1,False,duration_ms_outlier,,21.99999999999136,lr_auto
28,er_auto,er,323,300.991241,301.00275,3.249999999979991,1,301.00275,301.006,11.508999999989555,13.259000000005017,14.758999999969546,3.249999999979991,2.5219201882435236,0.10046875476837158,0.3020312488079071,0.3020312488079071,0.3020312488079071,0.20156249403953552,0.18781249597668648,0.8190234474604949,0.25102370913738586,-0.15703125298023224,0.1056352486744523,2.8591900203568397,1.9080988265641585,1.7779339598611519,False,1,True,,,,er_auto
29,mr_auto,mr,323,300.991241,301.0085,2.7499999999918145,-1,301.0085,301.01125,17.259000000024116,18.508999999994558,20.00900000001593,2.7499999999918145,1.7880903205307974,-2.117343708872795,-1.8339062184095383,-2.117343708872795,2.117343708872795,0.28343749046325684,0.25218749046325684,5.555038932710886,2.007998839932447,-0.15703125298023224,0.1056352486744523,20.043912760579044,2.683171517272205,2.3873422330878458,False,1,True,,5.249999999989541,,mr_auto
30,lr_auto,lr,323,300.991241,301.017,6.250000000022737,1,301.017,301.02325,25.758999999993648,30.259000000000924,32.009000000016385,6.250000000022737,4.636378552947141,-0.2695312350988388,-0.11734373867511749,-0.11734373867511749,0.2695312350988388,0.1521874964237213,0.14656251668930054,1.0187890529632568,0.173737573553389,-0.15703125298023224,0.1056352486744523,2.551527435027703,1.4406885801228544,1.387439500814527,False,1,True,,,11.750000000006366,lr_auto
31,lr_auto,lr,323,300.991241,301.03425,6.000000000028649,1,301.03425,301.04025,43.008999999983644,46.25900000002048,49.00900000001229,6.000000000028649,4.2715559759625945,-0.1301562339067459,0.10515625402331352,0.10515625402331352,0.1301562339067459,0.23531248793005943,0.23218750581145287,0.42359374836087227,0.08027526439520774,-0.15703125298023224,0.1056352486744523,1.232128816280469,2.2275943956476842,2.198011636504123,False,2,True,,,27.75000000002592,lr_auto
32,er_auto,er,324,301.491241,301.50325,1.5000000000213731,1,301.50325,301.50475,12.008999999977732,13.259000000005017,13.508999999999105,1.5000000000213731,0.9434210549692372,0.006250001490116119,0.05375000089406967,0.05375000089406967,0.05375000089406967,0.04749999940395355,0.044999999925494194,0.05335937648487743,0.036317863722260195,-0.034062501043081284,0.11513315415121614,0.4668507632777462,0.41256577876401224,0.39085179466542797,False,1,True,,,,er_auto
33,mr_auto,mr,324,301.491241,301.5075,1.7500000000154614,-1,301.5075,301.50925,16.25899999999092,17.008999999973184,18.00900000000638,1.7500000000154614,1.0822031742921376,-1.5109374560415745,-1.405312541872263,-1.5109374560415745,1.5109374560415745,0.10562491416931152,0.06968748569488525,2.591054699383676,1.473829230839015,-0.034062501043081284,0.11513315415121614,13.123391495529653,0.9174152740624436,0.6052773087703092,False,1,True,,3.7499999999681677,,mr_auto
34,lr_auto,lr,324,301.491241,301.54325,2.4999999999977263,1,301.54325,301.54575,52.008999999998196,53.25900000002548,54.50899999999592,2.4999999999977263,1.6064036646643636,-0.06531250104308128,0.018437501043081284,0.018437501043081284,0.06531250104308128,0.08375000208616257,0.07187499850988388,0.05289062624797225,0.03120266301315868,-0.034062501043081284,0.11513315415121614,0.5672779619786991,0.7274186371734863,0.6242771601261188,False,1,True,,,36.250000000052296,lr_auto
35,er_auto,er,334,306.490997,306.50425,2.0000000000095497,1,306.50425,306.50625,13.253000000020165,14.502999999990607,15.253000000029715,2.0000000000095497,1.4237850248043655,-0.013125000521540642,0.1178125012665987,0.1178125012665987,0.1178125012665987,0.13093750178813934,0.08031250163912773,0.18101562652736902,0.09034691617593738,-0.017812499776482582,0.09636899646520614,1.2225145595361129,1.3587098194533354,0.8333852648151673,False,1,True,,,,er_auto
36,mr_auto,mr,334,306.490997,306.50875,2.4999999999977263,-1,306.50875,306.51125,17.75300000002744,18.753000000003794,20.253000000025168,2.4999999999977263,1.6778112929308604,-2.6628124620765448,-2.4356250669807196,-2.6628124620765448,2.6628124620765448,0.2271873950958252,0.20812487602233887,6.463320231996477,2.5737678740749526,-0.017812499776482582,0.09636899646520614,27.63142255027994,2.3574739120361268,2.1596663206665436,False,1,True,,4.250000000013188,,mr_auto
37,lr_auto,lr,334,306.490997,306.52475,1.5000000000213731,1,306.52475,306.52625,33.75299999999015,34.50300000002926,35.253000000011525,1.5000000000213731,0.9914283538351167,-0.10812500678002834,-0.08499999903142452,-0.08499999903142452,0.10812500678002834,0.02312500774860382,0.017812497913837433,0.13792968913912773,0.09423971927814156,-0.017812499776482582,0.09636899646520614,1.1219895479462287,0.23996314786730258,0.18483639518098133,False,1,True,,,15.750000000025466,lr_auto
38,er_auto,er,336,307.490997,307.5025,0.9999999999763531,1,307.5025,307.5035,11.503000000004704,12.252999999986969,12.502999999981057,0.9999999999763531,0.4542855656386863,0.22156249731779099,0.2815624959766865,0.2815624959766865,0.2815624959766865,0.05999999865889549,0.047187498304992914,0.2558203096850775,0.2511461200287834,-0.2368749976158142,0.1429319190636277,1.9699063569652755,0.419780263582593,0.3301396819837484,False,1,True,,,,er_auto
39,mr_auto,mr,336,307.490997,307.508,2.7499999999918145,-1,307.508,307.51075,17.002999999988333,18.253000000015618,19.752999999980148,2.7499999999918145,1.8502846234855068,-1.5490625500679016,-1.2893750071525574,-1.5490625500679016,1.5490625500679016,0.25968754291534424,0.2418750524520874,4.016992226243019,1.4498203594258,-0.2368749976158142,0.1429319190636277,10.837765001800049,1.8168617941786782,1.6922395923643485,False,1,True,,6.000000000028649,,mr_auto
40,lr_auto,lr,336,307.490997,307.5155,9.25000000000864,1,307.5155,307.52475,24.502999999981512,26.252999999996973,33.75299999999015,9.25000000000864,3.0275629022022263,-0.21531251072883606,0.01812499761581421,0.01812499761581421,0.21531251072883606,0.23343750834465027,0.22031250596046448,1.0138281509280205,0.12784793728968083,-0.2368749976158142,0.1429319190636277,1.5063990754436547,1.633207682888054,1.5413807314963004,False,1,True,,,7.999999999981355,lr_auto
41,lr_auto,lr,336,307.490997,307.52225,2.0000000000095497,1,307.52225,307.52425,31.252999999992426,32.7530000000138,33.253000000001975,2.0000000000095497,1.3157230604362833,-0.1496874988079071,-0.12843748927116394,-0.12843748927116394,0.1496874988079071,0.021250009536743164,0.02000001072883606,0.2721875049173832,0.1377459545789098,-0.2368749976158142,0.1429319190636277,1.047264318484887,0.14867224673086135,0.13992683271769993,False,2,True,,,14.499999999998181,lr_auto
42,lr_auto,lr,336,307.490997,307.53,2.250000000003638,1,307.53,307.53225,39.00299999997969,40.00300000001289,41.25299999998333,2.250000000003638,1.413096374141564,-0.2409375011920929,-0.20343750715255737,-0.20343750715255737,0.2409375011920929,0.03749999403953552,0.026250004768371582,0.4822656251490116,0.21674307117839603,-0.2368749976158142,0.1429319190636277,1.6856801669670225,0.2623626289019599,0.18365390278350707,False,3,True,,,21.74999999999727,lr_auto
43,er_auto,er,337,307.990997,308.0045,2.0000000000095497,1,308.0045,308.0065,13.503000000014254,15.002999999978783,15.503000000023803,2.0000000000095497,0.774946234250816,0.14343750476837158,0.3015625071711838,0.3015625071711838,0.3015625071711838,0.15812500240281224,0.06937499763444066,0.5130468887509778,0.2526792268437861,-0.3050000071525574,0.0750566417902708,4.017799091169488,2.1067423032948587,0.9243019135907221,False,1,True,,,,er_auto
44,mr_auto,mr,337,307.990997,308.00825,2.750000000048658,-1,308.00825,308.011,17.25299999998242,18.503000000009706,20.00300000003108,2.750000000048658,1.811498445992148,-1.8490625023841858,-1.4699999690055847,-1.8490625023841858,1.8490625023841858,0.3790625333786011,0.2775000333786011,4.787070259451866,1.7263614950471036,-0.3050000071525574,0.0750566417902708,24.635561334478332,5.050352964602487,3.6972082251430005,False,1,True,,3.500000000030923,,mr_auto
45,lr_auto,lr,337,307.990997,308.03475,5.000000000052296,1,308.03475,308.03975,43.75299999998106,46.25299999997878,48.75300000003335,5.000000000052296,2.931221702289375,0.21156250685453415,0.34312500804662704,0.34312500804662704,0.34312500804662704,0.1315625011920929,0.10968749970197678,1.4724219100899063,0.293973967025837,-0.3050000071525574,0.0750566417902708,4.57154756544283,1.7528428937670197,1.4613963146456013,False,1,True,,,27.749999999969077,lr_auto
46,er_auto,er,338,308.490997,308.50325,3.0000000000427463,1,308.50325,308.50625,12.252999999986969,14.502999999990607,15.253000000029715,3.0000000000427463,1.2173201874778545,0.5693749841302633,0.8993750270456076,0.8993750270456076,0.8993750270456076,0.33000004291534424,0.2459375262260437,2.2861328069120646,0.7562243249129494,0.057499999180436134,0.06926521689975634,12.984511812721564,4.7642966800051285,3.5506642039679925,False,1,True,,,,er_auto
47,mr_auto,mr,338,308.490997,308.509,2.250000000003638,-1,308.509,308.51125,18.00300000002153,19.002999999997883,20.253000000025168,2.250000000003638,1.504876239836457,-1.2350000087171793,-1.0643750373274088,-1.2350000087171793,1.2350000087171793,0.1706249713897705,0.15812504291534424,2.646328064147383,1.1670966044800772,0.057499999180436134,0.06926521689975634,17.830017200473442,2.463357209098276,2.2828924818670493,False,1,True,,4.500000000007276,,mr_auto
48,lr_auto,lr,338,308.490997,308.51575,5.749999999977717,1,308.51575,308.5215,24.753000000032443,29.002999999988788,30.50300000001016,5.749999999977717,4.185086877519698,-0.2049999926239252,-0.05499999923631549,-0.05499999923631549,0.2049999926239252,0.14999999338760972,0.13218750292435288,0.5651171830977546,0.11208028892902927,0.057499999180436134,0.06926521689975634,2.9596383552889205,2.1655890229102477,1.9084254527876587,False,1,True,,,9.999999999990905,lr_auto
49,lr_auto,lr,338,308.490997,308.53725,3.500000000030923,1,308.53725,308.54075,46.25299999997878,48.25299999998833,49.753000000009706,3.500000000030923,2.0172417762022055,0.24312499724328518,0.2949999924749136,0.2949999924749136,0.2949999924749136,0.05187499523162842,0.049062490463256836,0.9566015647724271,0.27196175617266577,0.057499999180436134,0.06926521689975634,4.2589918241626314,0.7489328345958143,0.708327969784058,False,2,True,,,29.24999999999045,lr_auto
50,er_auto,er,339,308.990997,309.00475,1.5000000000213731,1,309.00475,309.00625,13.753000000008342,14.752999999984695,15.253000000029715,1.5000000000213731,0.7229721240774637,-0.09203124791383743,0.11359375156462193,0.11359375156462193,0.11359375156462193,0.20562499947845936,0.0853125024586916,0.11320312740281224,0.07809175754668524,-0.13453125208616257,0.12115620814561844,0.9375809403682629,1.6971891298489412,0.704152958931778,False,1,True,,,,er_auto
51,mr_auto,mr,339,308.990997,309.00775,2.999999999985903,-1,309.00775,309.01075,16.752999999994245,18.00300000002153,19.752999999980148,2.999999999985903,1.9362743234202653,-1.6307813003659248,-1.2920312955975533,-1.6307813003659248,1.6307813003659248,0.3387500047683716,0.26875007152557373,4.575000010430813,1.5133860765717877,-0.13453125208616257,0.12115620814561844,13.46015466583337,2.7959772755616927,2.218211312808348,False,1,True,,3.2500000000368345,,mr_auto
52,lr_auto,lr,339,308.990997,309.0175,4.750000000001364,1,309.0175,309.02225,26.50299999999106,29.252999999982876,31.252999999992426,4.750000000001364,2.924429258939792,-0.39265627413988113,-0.274531252682209,-0.274531252682209,0.39265627413988113,0.11812502145767212,0.11406248807907104,1.5274999868124723,0.3271603284748392,-0.13453125208616257,0.12115620814561844,3.240909237337182,0.9749811690680917,0.941449801251444,False,1,True,,,11.249999999961346,lr_auto
53,er_auto,er,349,313.990753,314.00225,2.999999999985903,1,314.00225,314.00525,11.497000000019852,12.997000000041226,14.497000000005755,2.999999999985903,1.829410045744592,-0.11796875298023224,-0.059843748807907104,-0.059843748807907104,0.11796875298023224,0.058125004172325134,0.04343750327825546,0.2343359449878335,0.0823917242845204,0.18140625208616257,0.04239309198260307,2.782735286886913,1.3710961256654268,1.024636355755343,False,1,True,,,,er_auto
54,mr_auto,mr,349,313.990753,314.00725,3.249999999979991,-1,314.00725,314.0105,16.497000000015305,17.74700000004259,19.746999999995296,3.249999999979991,2.063866394212048,-2.547031156718731,-2.06515621393919,-2.547031156718731,2.547031156718731,0.481874942779541,0.39343738555908203,7.769687509164214,2.3753077611529387,0.18140625208616257,0.04239309198260307,60.0812782838289,11.366827005147181,9.280695678450103,False,1,True,,4.750000000001364,,mr_auto
55,lr_auto,lr,349,313.990753,314.01575,9.500000000002728,1,314.01575,314.02525,24.99700000004168,26.7470000000003,34.49700000004441,9.500000000002728,3.1980323817869687,-0.6614062413573265,-0.4414062425494194,-0.4414062425494194,0.6614062413573265,0.2199999988079071,0.17781251668930054,4.997382864356041,0.5313892444523154,0.18140625208616257,0.04239309198260307,15.60174571906076,5.1895247201640515,4.194374799608148,False,1,True,,,8.999999999957708,lr_auto
56,lr_auto,lr,349,313.990753,314.02175,2.250000000003638,1,314.02175,314.024,30.997000000013486,31.99699999998984,33.247000000017124,2.250000000003638,1.4191172345701175,-0.5467187389731407,-0.5251562520861626,-0.5251562520861626,0.5467187389731407,0.02156248688697815,0.01812499761581421,1.1981250140815973,0.5337968093408677,0.18140625208616257,0.04239309198260307,12.896411028417052,0.5086320878841956,0.4275460167720769,False,2,True,,,14.24999999994725,lr_auto
57,er_auto,er,350,314.490753,314.5045,1.4999999999645297,1,314.5045,314.506,13.74700000002349,14.746999999999844,15.24699999998802,1.4999999999645297,0.8050438656678205,-0.8292187079787254,-0.6998437270522118,-0.6998437270522118,0.8292187079787254,0.12937498092651367,0.1053125262260437,1.1259765587747097,0.7613897545566155,-0.18953124433755875,0.13528725905790925,6.129318560765439,0.9562983375332865,0.7784363949672825,False,1,True,,,,er_auto
58,mr_auto,mr,350,314.490753,314.5075,2.999999999985903,-1,314.5075,314.5105,16.747000000009393,17.997000000036678,19.746999999995296,2.999999999985903,2.106702021614531,-2.1417187079787254,-1.7654687985777855,-2.1417187079787254,2.1417187079787254,0.37624990940093994,0.3621875047683716,6.05597660690546,2.003758515193637,-0.18953124433755875,0.13528725905790925,15.830897328343166,2.78111857702644,2.677173795156412,False,1,True,,3.2500000000368345,,mr_auto
59,lr_auto,lr,350,314.490753,314.51425,9.749999999996817,1,314.51425,314.524,23.497000000020307,24.74699999999075,33.247000000017124,9.749999999996817,7.917084803092795,-0.007343761622905731,0.1510937437415123,0.1510937437415123,0.1510937437415123,0.15843750536441803,0.12437500059604645,0.9950390104204416,0.10477605330991176,-0.18953124433755875,0.13528725905790925,1.1168364618639892,1.171119190881082,0.919340087619102,False,1,True,,,6.7499999999540705,lr_auto
60,er_auto,er,351,314.990753,315.002,3.249999999979991,1,315.002,315.00525,11.247000000025764,13.497000000029402,14.497000000005755,3.249999999979991,1.8099999332428616,0.2434375062584877,0.26875001192092896,0.26875001192092896,0.26875001192092896,0.025312505662441254,0.021875008940696716,0.8426953302696347,0.25838455745346767,-0.13562500476837158,0.06671700265109538,4.0282087210420645,0.3794011220020788,0.3278775735039344,False,1,True,,,,er_auto
61,mr_auto,mr,351,314.990753,315.0075,2.999999999985903,-1,315.0075,315.0105,16.747000000009393,18.247000000030766,19.746999999995296,2.999999999985903,2.01060502556488,-0.9103125333786011,-0.7024999856948853,-0.9103125333786011,0.9103125333786011,0.20781254768371582,0.17125004529953003,2.53980465978384,0.8395635277107687,-0.13562500476837158,0.06671700265109538,13.644385946700728,3.1148363899154257,2.5668126338813932,False,1,True,,4.750000000001364,,mr_auto
62,lr_auto,lr,351,314.990753,315.01475,5.249999999989541,1,315.01475,315.02,23.997000000008484,25.997000000018033,29.246999999998025,5.249999999989541,3.8626375377827453,-0.18406248092651367,-0.032499998807907104,-0.032499998807907104,0.18406248092651367,0.15156248211860657,0.15125000476837158,0.40769529342651367,0.09688010515520433,-0.13562500476837158,0.06671700265109538,2.7588541692901076,2.2717219913373636,2.267038367406158,False,1,True,,,7.749999999987267,lr_auto
63,lr_auto,lr,351,314.990753,315.02275,3.2500000000368345,1,315.02275,315.026,31.99699999998984,33.99699999999939,35.247000000026674,3.2500000000368345,2.11140566611839,-0.24656248092651367,-0.2162500023841858,-0.2162500023841858,0.24656248092651367,0.03031247854232788,0.025624990463256836,0.7344921827316284,0.22750881251886035,-0.13562500476837158,0.06671700265109538,3.695646853560582,0.4543441302489359,0.38408485760767486,False,2,True,,,15.749999999968622,lr_auto
64,lr_auto,lr,351,314.990753,315.04175,4.750000000001364,1,315.04175,315.0465,50.996999999995296,53.747000000043954,55.74699999999666,4.750000000001364,3.358148276233549,-0.034999996423721313,0.010312497615814209,0.010312497615814209,0.034999996423721313,0.04531249403953552,0.040312498807907104,0.05234375596046448,0.015159954423306336,-0.13562500476837158,0.06671700265109538,0.5246038495877583,0.6791746067565817,0.6042312634865535,False,3,True,,,35.50000000001319,lr_auto
65,er_auto,er,361,319.988739,320.0,2.250000000003638,1,320.0,320.00225,11.260999999990418,12.511000000017702,13.510999999994056,2.250000000003638,1.4500439217326826,0.2462499998509884,0.5703124962747097,0.5703124962747097,0.5703124962747097,0.3240624964237213,0.1796875,1.114921878091991,0.4876594498406787,-0.08875000104308128,0.13343400150504894,4.274116715694312,2.4286350762812074,1.346639521960232,False,1,True,,,,er_auto
66,mr_auto,mr,361,319.988739,320.00525,2.250000000003638,-1,320.00525,320.0075,16.51099999997996,17.511000000013155,18.760999999983596,2.250000000003638,1.4996249535269193,-2.0621875561773777,-1.8434375561773777,-2.0621875561773777,2.0621875561773777,0.21875,0.2131251096725464,4.46289058867842,1.971304758918241,-0.08875000104308128,0.13343400150504894,15.454738169561283,1.6393872441255,1.5972323940572377,False,1,True,,4.9999999999954525,,mr_auto
67,lr_auto,lr,361,319.988739,320.018,2.250000000003638,1,320.018,320.02025,29.260999999962678,30.011000000001786,31.510999999966316,2.250000000003638,1.4141020349106075,0.503749992698431,0.5281250141561031,0.5281250141561031,0.5281250141561031,0.02437502145767212,0.02187502384185791,1.168593748472631,0.5180071475027996,-0.08875000104308128,0.13343400150504894,3.957949309765095,0.18267473944225382,0.16393890309157963,False,1,True,,,12.499999999988631,lr_auto
68,lr_auto,lr,361,319.988739,320.022,7.000000000005002,1,320.022,320.029,33.26099999998178,37.01100000000679,40.26099999998678,7.000000000005002,2.667936835189289,0.4909374974668026,0.5712499879300594,0.5712499879300594,0.5712499879300594,0.08031249046325684,0.0793749988079071,3.6674609407782555,0.523546190003478,-0.08875000104308128,0.13343400150504894,4.281142598488619,0.6018892453001788,0.5948633625058728,False,2,True,,,19.499999999993634,lr_auto
69,lr_auto,lr,361,319.988739,320.0315,1.5000000000213731,1,320.0315,320.033,42.760999999984506,43.51099999996677,44.26100000000588,1.5000000000213731,0.8699867387400142,0.4831249974668026,0.5024999938905239,0.5024999938905239,0.5024999938905239,0.019374996423721313,0.013437479734420776,0.7442578170448542,0.49477408829719705,-0.08875000104308128,0.13343400150504894,3.765906652147504,0.14520284339211842,0.10070506454767694,False,3,True,,,25.999999999953616,lr_auto
70,er_auto,er,362,320.488495,320.49975,2.999999999985903,1,320.49975,320.50275,11.255000000005566,13.255000000015116,14.254999999991469,2.999999999985903,1.9307002528642132,0.32640625117346644,0.5539062428288162,0.5539062428288162,0.5539062428288162,0.22749999165534973,0.1796875,1.4470703140832484,0.477375680094564,0.008281250018626451,0.12949584245206788,4.2774056088622405,1.7568130941312459,1.3875928106843296,False,1,True,,,,er_auto
71,mr_auto,mr,362,320.488495,320.50625,2.7499999999918145,-1,320.50625,320.509,17.75500000002239,19.004999999992833,20.505000000014206,2.7499999999918145,1.9094268526126488,-1.8182811927981675,-1.5479687643237412,-1.8182811927981675,1.8182811927981675,0.27031242847442627,0.2099999189376831,4.789296888164245,1.7300567761833778,0.008281250018626451,0.12949584245206788,14.041232199954168,2.0874216759080957,1.6216730588506216,False,1,True,,5.749999999977717,,mr_auto
72,lr_auto,lr,362,320.488495,320.51575,1.9999999999527063,1,320.51575,320.51775,27.25500000002512,28.005000000007385,29.254999999977827,1.9999999999527063,1.312015444517673,0.06796875176951289,0.09734375355765224,0.09734375355765224,0.09734375355765224,0.029375001788139343,0.0246875062584877,0.17542968690395355,0.08637861818849879,0.008281250018626451,0.12949584245206788,0.7517133501307847,0.22684127329425519,0.19064323449322812,False,1,True,,,9.000000000014552,lr_auto
73,lr_auto,lr,362,320.488495,320.535,3.4999999999740794,1,320.535,320.5385,46.505000000024665,48.25499999998328,50.004999999998745,3.4999999999740794,2.280571451171771,0.2810937571339309,0.4451562571339309,0.4451562571339309,0.4451562571339309,0.1640625,0.15906250476837158,1.348671883577481,0.3825792573890774,0.008281250018626451,0.12949584245206788,3.437610418254956,1.2669325662769966,1.2283213248892344,False,2,True,,,29.24999999999045,lr_auto
74,er_auto,er,363,320.988739,321.00175,1.749999999958618,1,321.00175,321.0035,13.011000000005879,14.510999999970409,14.760999999964497,1.749999999958618,1.08561458836301,0.0625,0.09593749046325684,0.09593749046325684,0.09593749046325684,0.033437490463256836,0.01812499761581421,0.1541796810925007,0.08651637036575774,-0.29999999701976776,0.01737421875,5.521830468679741,1.9245464181378997,1.0432122374316375,False,1,True,,,,er_auto
75,mr_auto,mr,363,320.988739,321.006,2.750000000048658,-1,321.006,321.00875,17.260999999962223,18.510999999989508,20.01100000001088,2.750000000048658,1.7133236576034192,-1.8050000220537186,-1.5109375268220901,-1.8050000220537186,1.8050000220537186,0.2940624952316284,0.20718753337860107,4.720703091472387,1.7054380467357488,-0.29999999701976776,0.01737421875,103.8895646489842,16.92522118334837,11.924998548703151,False,1,True,,4.000000000019099,,mr_auto
76,lr_auto,lr,363,320.988739,321.0215,1.7500000000154614,1,321.0215,321.02325,32.7609999999936,33.510999999975866,34.51100000000906,1.7500000000154614,1.0364371551273295,0.2562499977648258,0.2737499978393316,0.2737499978393316,0.2737499978393316,0.017500000074505806,0.01250000111758709,0.4693749942816794,0.26709277057228537,-0.29999999701976776,0.01737421875,15.756104017012657,1.0072395384400121,0.7194568744328196,False,1,True,,,14.999999999986358,lr_auto
77,er_auto,er,365,321.988495,322.0,2.250000000003638,1,322.0,322.00225,11.504999999999654,12.504999999976008,13.755000000003292,2.250000000003638,1.284090941491106,0.26640625670552254,0.29015625454485416,0.29015625454485416,0.29015625454485416,0.023749997839331627,0.02187499962747097,0.6311328238807619,0.27930953500020406,-0.31078125536441803,0.0956740118086338,3.0327593571096587,0.24823875773952214,0.22864097798287297,False,1,True,,,,er_auto
78,mr_auto,mr,365,321.988495,322.006,2.750000000048658,-1,322.006,322.00875,17.50499999997146,18.754999999998745,20.255000000020118,2.750000000048658,1.7596573580373889,-1.7732813209295273,-1.357343778014183,-1.7732813209295273,1.7732813209295273,0.41593754291534424,0.32531261444091797,4.5187890864908695,1.6283064623957346,-0.31078125536441803,0.0956740118086338,18.534618622206693,4.3474454039546115,3.4002192266339266,False,1,True,,6.250000000022737,,mr_auto
79,lr_auto,lr,365,321.988495,322.03375,8.249999999975444,1,322.03375,322.042,45.25499999999738,50.25499999999283,53.504999999972824,8.249999999975444,3.9342949986959797,0.3695312552154064,0.48046875,0.48046875,0.48046875,0.11093749478459358,0.10499999672174454,3.513046917039901,0.4258890328200803,-0.31078125536441803,0.0956740118086338,5.021935851932589,1.1595363535762422,1.0974766787428594,False,1,True,,,31.49999999999409,lr_auto
80,er_auto,er,366,322.488495,322.50075,3.750000000025011,1,322.50075,322.5045,12.25499999998192,14.254999999991469,16.00500000000693,3.750000000025011,2.3521175057389048,0.22734374972060323,0.4854687419719994,0.4854687419719994,0.4854687419719994,0.2581249922513962,0.22031249105930328,1.4964062449289486,0.39835150611972153,-0.015781250316649675,0.13088577862652018,3.709102295653329,1.9721393337006492,1.6832423917342492,False,1,True,,,,er_auto
81,mr_auto,mr,366,322.488495,322.506,2.750000000048658,-1,322.506,322.50875,17.50499999997146,19.004999999992833,20.255000000020118,2.750000000048658,1.8180692677824664,-0.754218730609864,-0.47609374253079295,-0.754218730609864,0.754218730609864,0.27812498807907104,0.2565624713897705,1.805546858930029,0.6491114598297834,-0.015781250316649675,0.13088577862652018,5.76241925230098,2.12494429110358,1.960201284525083,False,1,True,,4.750000000001364,,mr_auto
82,lr_auto,lr,366,322.488495,322.513,5.250000000046384,1,322.513,322.51825,24.504999999976462,26.504999999986012,29.755000000022847,5.250000000046384,3.826395861778376,0.667656269390136,0.7948437598533928,0.7948437598533928,0.7948437598533928,0.12718749046325684,0.10062503814697266,3.989531224244274,0.7571659081886737,-0.015781250316649675,0.13088577862652018,6.072804610204924,0.9717441558428106,0.7688003937700832,False,1,True,,,7.499999999993179,lr_auto
83,er_auto,er,367,322.988739,323.00125,3.249999999979991,1,323.00125,323.0045,12.511000000017702,15.011000000015429,15.760999999997694,3.249999999979991,1.695730160494017,0.08093749731779099,0.3606249913573265,0.3606249913573265,0.3606249913573265,0.2796874940395355,0.10656249523162842,0.987109387293458,0.3017217299328611,0.18312499672174454,0.11420652727335691,3.157656571538676,2.448962425502132,0.9330683436032315,False,1,True,,,,er_auto
84,mr_auto,mr,367,322.988739,323.00625,2.7499999999918145,-1,323.00625,323.009,17.511000000013155,18.760999999983596,20.26100000000497,2.7499999999918145,1.8752377652791432,-1.7728124633431435,-1.4825000539422035,-1.7728124633431435,1.7728124633431435,0.29031240940093994,0.26812493801116943,4.610976545140147,1.6643149128579644,0.18312499672174454,0.11420652727335691,15.522864635397426,2.5419948958439833,2.3477199106965574,False,1,True,,3.7499999999681677,,mr_auto
85,lr_auto,lr,367,322.988739,323.0165,2.7499999999918145,1,323.0165,323.01925,27.76099999999815,29.01099999996859,30.510999999989963,2.7499999999918145,1.7369528173556854,0.19812499731779099,0.2628125175833702,0.2628125175833702,0.2628125175833702,0.06468752026557922,0.06062501668930054,0.6573828291147947,0.23683069973158571,0.18312499672174454,0.11420652727335691,2.3012040017145448,0.5664082588795263,0.5308367055430436,False,1,True,,,10.249999999984993,lr_auto
86,er_auto,er,372,325.488495,325.503,1.5000000000213731,1,325.503,325.5045,14.504999999985557,15.505000000018754,16.00500000000693,1.5000000000213731,0.802789579878295,0.0534374937415123,0.33687499910593033,0.33687499910593033,0.33687499910593033,0.28343750536441803,0.2031250037252903,0.3527734335511923,0.2337508037657019,-0.1603124961256981,0.12439941464513539,2.708011127439045,2.278447259361777,1.6328453337560256,False,1,True,,,,er_auto
87,mr_auto,mr,372,325.488495,325.506,2.5000000000545697,-1,325.506,325.5085,17.50499999997146,18.505000000004657,20.00500000002603,2.5000000000545697,1.6073492946827845,-1.4343749657273293,-1.184999980032444,-1.4343749657273293,1.4343749657273293,0.24937498569488525,0.23093748092651367,3.359960962086916,1.3331614175920588,-0.1603124961256981,0.12439941464513539,11.530399639090426,2.0046315041454017,1.8564193536222915,False,1,True,,2.999999999985903,,mr_auto
88,lr_auto,lr,372,325.488495,325.5365,1.7500000000154614,1,325.5365,325.53825,48.004999999989195,49.00500000002239,49.75500000000466,1.7500000000154614,0.9123207161907236,-0.05562499910593033,-0.014375008642673492,-0.014375008642673492,0.05562499910593033,0.041249990463256836,0.03125,0.0526562575250864,0.03515278123922416,-0.1603124961256981,0.12439941464513539,0.447148399086985,0.3315931234960189,0.25120696981689555,False,1,True,,,30.500000000017735,lr_auto
89,lr_auto,lr,372,325.488495,325.54275,2.4999999999977263,1,325.54275,325.54525,54.25500000001193,55.504999999982374,56.75500000000966,2.4999999999977263,1.65490173675558,-0.12687499076128006,-0.10687500983476639,-0.10687500983476639,0.12687499076128006,0.019999980926513672,0.017499983310699463,0.2832031287252903,0.1146014666299878,-0.1603124961256981,0.12439941464513539,1.019900223190009,0.1607723073582466,0.14067576893846578,False,2,True,,,36.99999999997772,lr_auto
90,er_auto,er,382,330.488495,330.5015,3.7499999999681677,1,330.5015,330.50525,13.005000000021028,14.754999999979646,16.754999999989195,3.7499999999681677,2.2362551768577927,0.4804687350988388,0.6485937386751175,0.6485937386751175,0.6485937386751175,0.1681250035762787,0.1421874761581421,2.207968734204769,0.585193992755691,-0.13859374821186066,0.13621387212797997,4.761583593084632,1.2342722583960946,1.0438545937857902,False,1,True,,,,er_auto
91,mr_auto,mr,382,330.488495,330.50525,2.0000000000095497,-1,330.50525,330.50725,16.754999999989195,17.75500000002239,18.754999999998745,2.0000000000095497,1.1870517389222415,0.36328125,0.4920312613248825,0.36328125,0.4920312613248825,0.1287500113248825,0.1171874850988388,0.8274609372019768,0.4240571680687549,-0.13859374821186066,0.13621387212797997,3.6121964205128365,0.9452048408396703,0.8603197550153711,False,1,True,,3.0000000000427463,,mr_auto
92,lr_auto,lr,382,330.488495,330.50925,4.500000000007276,1,330.50925,330.51375,20.755000000008295,23.005000000011933,25.25500000001557,4.500000000007276,3.0438268109407933,0.853593721985817,1.0276562720537186,1.0276562720537186,1.0276562720537186,0.1740625500679016,0.1584375500679016,4.358906231820583,0.9645307389642501,-0.13859374821186066,0.13621387212797997,7.54443182621064,1.277862139506326,1.1631528242515663,False,1,True,,,5.249999999989541,lr_auto
93,lr_auto,lr,382,330.488495,330.518,3.0000000000427463,1,330.518,330.521,29.504999999971915,30.7549999999992,32.50500000001466,3.0000000000427463,2.0998814448252427,1.417031243443489,1.5020312815904617,1.5020312815904617,1.5020312815904617,0.08500003814697266,0.07187497615814209,4.434687554836273,1.4743012489802736,-0.13859374821186066,0.13621387212797997,11.02700670735816,0.6240189550379327,0.5276626751393708,False,2,True,,,12.999999999976808,lr_auto
94,lr_auto,lr,382,330.488495,330.518,3.0000000000427463,1,330.518,330.521,29.504999999971915,30.7549999999992,32.50500000001466,3.0000000000427463,2.0998814448252427,1.417031243443489,1.5020312815904617,1.5020312815904617,1.5020312815904617,0.08500003814697266,0.07187497615814209,4.434687554836273,1.4743012489802736,-0.13859374821186066,0.13621387212797997,11.02700670735816,0.6240189550379327,0.5276626751393708,False,3,True,,,12.999999999976808,lr_auto
95,er_auto,er,384,331.488495,331.50075,3.2500000000368345,1,331.50075,331.504,12.25499999998192,14.754999999979646,15.505000000018754,3.2500000000368345,1.112599272239379,0.1576562523841858,0.21171875298023224,0.21171875298023224,0.21171875298023224,0.05406250059604645,0.015937507152557373,0.6533984486013651,0.1997060074054471,0.09171874821186066,0.23327784220352768,0.9075819245426413,0.2317515460764533,0.06831984984948718,False,1,True,,,,er_auto
96,mr_auto,mr,384,331.488495,331.506,2.5000000000545697,-1,331.506,331.5085,17.50499999997146,18.505000000004657,20.00500000002603,2.5000000000545697,1.7423869013306081,-1.6042187958955765,-1.4239062815904617,-1.6042187958955765,1.6042187958955765,0.18031251430511475,0.1640625,3.8682031258940697,1.5380248144654614,0.09171874821186066,0.23327784220352768,6.876858859556602,0.7729517411593583,0.7032922563509506,False,1,True,,3.750000000025011,,mr_auto
97,lr_auto,lr,384,331.488495,331.51425,2.7499999999918145,1,331.51425,331.517,25.755000000003747,27.00499999997419,28.50499999999556,2.7499999999918145,1.7623648715635207,-0.13390624895691872,-0.0007812455296516418,-0.0007812455296516418,0.13390624895691872,0.13312500342726707,0.09843750251457095,0.11156249506166205,0.06230914750648781,0.09171874821186066,0.23327784220352768,0.5740204371407451,0.57067144555941,0.42197536458986656,False,1,True,,,8.499999999969532,lr_auto
98,lr_auto,lr,384,331.488495,331.53,2.250000000003638,1,331.53,331.53225,41.50499999997237,42.505000000005566,43.75499999997601,2.250000000003638,1.4900041117351523,0.2704687565565109,0.3539062589406967,0.3539062589406967,0.3539062589406967,0.08343750238418579,0.07906252145767212,0.7297265715897083,0.32048657961594823,0.09171874821186066,0.23327784220352768,1.5171019055977228,0.35767435773599604,0.338919979329595,False,2,True,,,24.00000000000091,lr_auto
99,er_auto,er,390,334.488495,334.49975,3.249999999979991,1,334.49975,334.503,11.255000000005566,12.504999999976008,14.504999999985557,3.249999999979991,2.1027965825330686,0.09093749709427357,0.14812500029802322,0.14812500029802322,0.14812500029802322,0.05718750320374966,0.05125000327825546,0.4169921774882823,0.12720658112293007,-0.06531249731779099,0.11536481570340693,1.2839703283437816,0.49571009024773927,0.44424292593692377,False,1,True,,,,er_auto
100,mr_auto,mr,390,334.488495,334.50675,2.0000000000095497,-1,334.50675,334.50875,18.25500000001057,19.004999999992833,20.255000000020118,2.0000000000095497,1.3477634808641177,-2.1212500408291817,-1.945312388241291,-2.1212500408291817,2.1212500408291817,0.17593765258789062,0.17437505722045898,4.115351513028145,2.0462843539806115,-0.06531249731779099,0.11536481570340693,18.387322234213368,1.5250546842653594,1.511509866827702,False,1,True,,6.500000000016826,,mr_auto
101,lr_auto,lr,390,334.488495,334.516,2.4999999999977263,1,334.516,334.5185,27.50500000001921,28.50499999999556,30.005000000016935,2.4999999999977263,1.492074538794096,-0.3187500014901161,-0.2525000050663948,-0.2525000050663948,0.3187500014901161,0.06624999642372131,0.043125003576278687,0.6795312650501728,0.275733837489051,-0.06531249731779099,0.11536481570340693,2.7629741316416188,0.5742651779901802,0.37381417647430204,False,1,True,,,9.500000000002728,lr_auto
102,lr_auto,lr,390,334.488495,334.52475,5.750000000034561,1,334.52475,334.5305,36.25499999998283,38.00499999999829,42.00500000001739,5.750000000034561,3.450131253128248,0.1106249988079071,0.3206249997019768,0.3206249997019768,0.3206249997019768,0.21000000089406967,0.2084375023841858,1.3383202934637666,0.23717614818564053,-0.06531249731779099,0.11536481570340693,2.779226905075428,1.8203123683217395,1.8067683904602316,False,2,True,,,19.000000000005457,lr_auto
103,lr_auto,lr,390,334.488495,334.537,7.000000000005002,1,334.537,334.544,48.50499999997737,51.0049999999751,55.504999999982374,7.000000000005002,4.992707683241051,0.34593748301267624,0.49031250923871994,0.49031250923871994,0.49031250923871994,0.1443750262260437,0.1315625011920929,3.112148430198431,0.4433260812002557,-0.06531249731779099,0.11536481570340693,4.250104386239141,1.2514649752245046,1.1404040338462365,False,3,True,,,31.999999999982265,lr_auto
104,er_auto,er,397,383.40451,383.41575,1.7500000000154614,1,383.41575,383.4175,11.239999999986594,12.239999999962947,12.990000000002055,1.7500000000154614,1.0420454122310852,0.04453124664723873,0.0645312499254942,0.0645312499254942,0.0645312499254942,0.020000003278255463,0.01406250149011612,0.10148437367752194,0.05708751424921333,0.03609375096857548,0.1128165910989046,0.5720014166083127,0.17727891867182693,0.12464923246783566,False,1,True,,,,er_auto
105,mr_auto,mr,397,383.40451,383.423,2.0000000000095497,-1,383.423,383.425,18.489999999985685,19.23999999996795,20.489999999995234,2.0000000000095497,1.3476146562388873,-2.7342186365276575,-2.5445311460644007,-2.7342186365276575,2.7342186365276575,0.18968749046325684,0.1737499237060547,5.340742100030184,2.658131359211186,0.03609375096857548,0.1128165910989046,24.235962192215233,1.6813793841453752,1.540109677252442,False,1,True,,7.000000000005002,,mr_auto
106,lr_auto,lr,397,383.40451,383.43775,2.7499999999918145,1,383.43775,383.4405,33.239999999977954,34.49000000000524,35.98999999996977,2.7499999999918145,1.5991022947308466,-0.5935937557369471,-0.550468722358346,-0.550468722358346,0.5935937557369471,0.043125033378601074,0.039687514305114746,1.5611718627624214,0.5698980542195,0.03609375096857548,0.1128165910989046,5.2615820949292145,0.3822579015952894,0.35178792337663617,False,1,True,,,15.25000000003729,lr_auto
107,er_auto,er,489,429.40451,429.417,3.500000000030923,1,429.417,429.4205,12.489999999957035,13.489999999990232,15.989999999987958,3.500000000030923,2.031327610739022,2.0753125473856926,2.237812452018261,2.237812452018261,2.237812452018261,0.16249990463256836,0.09843754768371582,7.657538954168558,2.1829958214384173,-0.09406249970197678,0.10517194766253232,21.27765532305993,1.5450879083649338,0.9359677164064193,False,1,True,,,,er_auto
108,mr_auto,mr,489,429.40451,429.42225,1.9999999999527063,-1,429.42225,429.42425,17.74000000000342,18.98999999997386,19.739999999956126,1.9999999999527063,1.0607698635810348,1.6925000473856926,2.0771874710917473,1.6925000473856926,2.0771874710917473,0.3846874237060547,0.26374995708465576,3.648164004087448,1.8493443039887556,-0.09406249970197678,0.10517194766253232,19.750394637140953,3.6576999119614118,2.5077975919106907,False,1,True,,5.499999999983629,,mr_auto
109,lr_auto,lr,489,429.40451,429.43275,5.499999999983629,1,429.43275,429.43825,28.2399999999825,30.48999999998614,33.73999999996613,5.499999999983629,3.6122578591365735,1.9340625330805779,2.0696875378489494,2.0696875378489494,2.0696875378489494,0.13562500476837158,0.12312507629394531,11.126328144222498,2.019808238014148,-0.09406249970197678,0.10517194766253232,19.679083480416317,1.2895549410528622,1.1707026353550056,False,1,True,,,11.500000000012278,lr_auto
110,lr_auto,lr,489,429.40451,429.451,2.250000000003638,1,429.451,429.45325,46.49000000000569,47.48999999998205,48.74000000000933,2.250000000003638,1.420681348420934,0.3206249997019768,0.4581249877810478,0.4581249877810478,0.4581249877810478,0.13749998807907104,0.12874998152256012,0.9172656200826168,0.4022857402807785,-0.09406249970197678,0.10517194766253232,4.355961812659818,1.3073827302340209,1.2241855778470814,False,2,True,,,28.500000000008185,lr_auto
111,er_auto,er,548,458.903259,458.9145,4.250000000013188,1,458.9145,458.91875,11.24099999998407,12.99099999999953,15.490999999997257,4.250000000013188,3.0224545012316946,2.112500011920929,2.256249964237213,2.256249964237213,2.256249964237213,0.14374995231628418,0.13625001907348633,9.393125101923943,2.205418678226905,0.1899999976158142,0.1100367132268846,20.504519792271996,1.3063817347932438,1.2382232718324886,False,1,True,,,,er_auto
112,mr_auto,mr,548,458.903259,458.9215,2.0000000000095497,-1,458.9215,458.9235,18.24099999998907,19.491000000016356,20.24099999999862,2.0000000000095497,1.056253882981001,1.4715624451637268,1.682812511920929,1.4715624451637268,1.682812511920929,0.21125006675720215,0.1778125762939453,3.116679698228836,1.571899171315322,0.1899999976158142,0.1100367132268846,15.29319135924334,1.919814401595455,1.6159386361106016,False,1,True,,6.500000000016826,,mr_auto
113,lr_auto,lr,548,458.903259,458.9295,5.749999999977717,1,458.9295,458.93525,26.24100000002727,28.49100000003091,31.991000000004988,5.749999999977717,4.166551788322113,1.6340624690055847,1.8668749928474426,1.8668749928474426,1.8668749928474426,0.2328125238418579,0.21687495708465576,10.319335952401161,1.7896619243819298,0.1899999976158142,0.1100367132268846,16.96592835336816,2.1157713368066706,1.9709327071364033,False,1,True,,,9.000000000014552,lr_auto
