start_s,end_s,start_latency_ms,peak_latency_ms,end_latency_ms,duration_ms,peak_width_ms,min_amplitude,max_amplitude,signed_peak_amplitude,absolute_peak_amplitude,p2p_amplitude,prominence,auc_abs,rms,baseline_median,baseline_noise,amplitude_noise_ratio,p2p_noise_ratio,prominence_noise_ratio,label,polarity,candidate_rank,score,stimulus_index,stimulus_s,component_rank,auto_label
100.199,100.20175,12.003540039060567,13.50354003906773,14.753540039066593,2.75,1.8385417322041229,0.14249999821186066,0.20500000566244125,0.20500000566244125,0.20500000566244125,0.0625000074505806,0.038437508046627045,0.5223828162997961,0.18786685156313296,-0.04781249910593033,0.11814469081386923,1.7351605412841447,0.5290124085985893,0.3253426606125139,er,1,1,1.436973145572276,38,100.18699645996094,1,er_auto
100.20375,100.20675,16.75354003906193,18.003540039060795,19.753540039062045,3.0,1.8594726280610367,-0.494687519967556,-0.3449999913573265,-0.494687519967556,0.494687519967556,0.1496875286102295,0.13437500596046448,1.3216796927154064,0.4365816102435885,-0.04781249910593033,0.11814469081386923,4.1871328839220565,1.266984809719925,1.1373765933516662,mr,-1,1,0.6703703284383417,38,100.18699645996094,1,mr_auto
100.20825,100.21475,21.253540039069208,25.003540039065797,27.75354003905761,6.5,4.59748633008682,-0.14812500029802322,0.11999999731779099,0.11999999731779099,0.14812500029802322,0.2681249976158142,0.2290624976158142,0.49863281135912985,0.08717893295309016,-0.04781249910593033,0.11814469081386923,1.2537592614414337,2.2694629421666614,1.9388302262070343,lr,1,2,3.663578957129347,38,100.18699645996094,1,lr_auto
100.2355,100.23725,48.50354003906432,49.253540039060795,50.25354003906557,1.75,1.094329861148891,-0.5509374961256981,-0.5225000008940697,-0.5225000008940697,0.5509374961256981,0.028437495231628418,0.016875028610229492,0.9275390598922968,0.5319888133887241,-0.04781249910593033,0.11814469081386923,4.663243793101725,0.24070057685816962,0.1428335754571927,lr,1,4,1.1203043395775285,38,100.18699645996094,2,lr_auto
100.24225,100.24375,55.25354003906102,56.0035400390575,56.753540039068184,1.5,1.0441179527660052,0.21937499195337296,0.23781249672174454,0.23781249672174454,0.23781249672174454,0.018437504768371582,0.017499998211860657,0.34738281182944775,0.23001655747658037,-0.04781249910593033,0.11814469081386923,2.0128919470144084,0.156058682293383,0.14812344161474836,lr,1,5,1.3678285148602607,38,100.18699645996094,3,lr_auto
151.1955,151.19825,11.753662109384777,13.503662109371817,14.503662109376592,2.75,1.7034352914018145,1.3310938030481339,1.4432813078165054,1.4432813078165054,1.4432813078165054,0.11218750476837158,0.10500001907348633,3.8507812581956387,1.3953655075966274,0.34046874940395355,0.0952107328891754,15.15880892857399,1.1783073332599698,1.1028170447517254,er,1,1,1.6902762933848703,140,151.18374633789062,1,er_auto
151.2,151.20175,16.25366210936363,17.003662109374318,18.003662109379093,1.75,1.1475068084632343,0.7817187458276749,0.8901562839746475,0.7817187458276749,0.8901562839746475,0.10843753814697266,0.058437466621398926,1.41199217364192,0.814905866290636,0.34046874940395355,0.0952107328891754,9.349327087007962,1.1389213679637689,0.6137697384329528,mr,-1,1,1.1614037386525833,140,151.18374633789062,1,mr_auto
151.2105,151.21175,26.753662109371135,27.50366210938182,28.003662109369998,1.25,0.7259613268446691,0.7120312601327896,0.7335937172174454,0.7335937172174454,0.7335937172174454,0.02156245708465576,0.015937447547912598,0.9076171703636646,0.724259147859915,0.34046874940395355,0.0952107328891754,7.704947698190109,0.22647086552473347,0.16739129155180088,lr,1,3,0.6357424755008002,140,151.18374633789062,1,lr_auto
151.21425,151.2235,30.503662109367724,36.25366210937386,39.753662109376364,9.25,7.075264524959965,0.7704687267541885,0.9973437935113907,0.9973437935113907,0.9973437935113907,0.22687506675720215,0.19749999046325684,8.722148437052965,0.9410475770650201,0.34046874940395355,0.0952107328891754,10.475119382520576,2.3828728114222484,2.0743458691064314,lr,1,5,3.8354732691560485,140,151.18374633789062,2,lr_auto
274.504,274.50775,11.2631835937691,13.513183593772737,15.013183593737267,3.75,2.952128526366483,0.34484375547617674,0.606406251899898,0.606406251899898,0.606406251899898,0.2615624964237213,0.18312498927116394,2.077343748183921,0.5481548526925399,-0.03078124951571226,0.02849371919184923,21.282102480793856,9.179654458676021,6.426854565322864,er,1,1,5.060409601665492,270,274.49273681640625,1,er_auto
274.50925,274.51225,16.51318359375864,17.76318359372908,19.513183593744543,3.0,2.148944451284602,-1.1307811932638288,-0.9292187290266156,-1.1307811932638288,1.1307811932638288,0.20156246423721313,0.19374996423721313,3.1980859180912375,1.057984107398626,-0.03078124951571226,0.02849371919184923,39.685278908317954,7.073926112631554,6.799742881323694,mr,-1,1,0.813562856911819,270,274.49273681640625,1,mr_auto
274.5395,274.5465,46.763183593725444,50.513183593750455,53.763183593730446,7.0,3.999999740849392,0.3860937459394336,0.5273437602445483,0.5273437602445483,0.5273437602445483,0.14125001430511475,0.13875001668930054,3.2696875082328916,0.4664941103916403,-0.03078124951571226,0.02849371919184923,18.507368472817603,4.957233324090595,4.869494773746162,lr,1,3,3.9635900124280927,270,274.49273681640625,1,lr_auto
281.504,281.50825,11.2631835937691,13.513183593772737,15.513183593725444,4.25,3.0717114074506173,0.9639062564820051,1.153593746945262,1.153593746945262,1.153593746945262,0.18968749046325684,0.1878124475479126,4.6437890524975955,1.0873782162873087,0.03890624828636646,0.13737216055803,8.397580283073077,1.380829199254876,1.367179833126197,er,1,1,3.694085193611455,284,281.49273681640625,1,er_auto
281.51,281.5125,17.263183593740905,18.2631835937741,19.76318359373863,2.5,1.7189306730119012,-0.4798437375575304,-0.25109374709427357,-0.4798437375575304,0.4798437375575304,0.22874999046325684,0.21156248450279236,1.0125390598550439,0.3995789759122253,0.03890624828636646,0.13737216055803,3.4930202422988783,1.6651844852263655,1.540068116009737,mr,-1,1,0.5914883668242896,284,281.49273681640625,1,mr_auto
281.5185,281.52075,25.76318359376728,26.763183593743634,28.01318359377092,2.25,1.4705594436969835,0.5095312278717756,0.5298437755554914,0.5298437755554914,0.5298437755554914,0.02031254768371582,0.01406252384185791,1.1796484324149787,0.5231635121019383,0.03890624828636646,0.13737216055803,3.856995284948365,0.14786509581856078,0.10236807650642933,lr,1,2,0.801057579285804,284,281.49273681640625,1,lr_auto
281.52375,281.5345,31.01318359375682,33.01318359376637,41.76318359372999,10.75,3.311403486757349,0.5445312540978193,0.6448437254875898,0.6448437254875898,0.6448437254875898,0.10031247138977051,0.09468746185302734,6.441523449961096,0.5985585817964952,0.03890624828636646,0.13737216055803,4.694136882379374,0.7302241661067534,0.6892769355041817,lr,1,3,1.9858895165877761,284,281.49273681640625,2,lr_auto
281.54475,281.5485,52.01318359377183,53.51318359373636,55.763183593739996,3.75,2.468299055318165,1.2245312612503767,1.3282812517136335,1.3282812517136335,1.3282812517136335,0.10374999046325684,0.09000003337860107,4.85378907667473,1.2908151324542785,0.03890624828636646,0.13737216055803,9.669217156648918,0.755247570117599,0.6551548218576823,lr,1,6,1.7235086230344765,284,281.49273681640625,3,lr_auto
289.0065,289.01,13.244384765641826,15.744384765639552,16.744384765615905,3.5,2.260200556299079,-0.2979687452316284,-0.05328124761581421,-0.05328124761581421,0.2979687452316284,0.2446874976158142,0.09343749284744263,0.33421875163912773,0.12101372243315532,-0.1145312488079071,0.09127256106399,3.26460375120543,2.6808439991539954,1.0237194153228024,er,1,1,3.3324186335296706,299,288.9932556152344,1,er_auto
289.0115,289.0135,18.244384765637278,19.24438476561363,20.244384765646828,2.0,1.24204139582937,-1.2476562559604645,-1.1360937654972076,-1.2476562559604645,1.2476562559604645,0.11156249046325684,0.07187497615814209,2.433085933327675,1.210314514214749,-0.1145312488079071,0.09127256106399,13.669565545397035,1.2223004281105012,0.7874762723898093,mr,-1,1,0.8837054442988265,299,288.9932556152344,1,mr_auto
289.02625,289.031,32.99438476562955,34.49438476565092,37.74438476563091,4.75,2.7991594543180303,0.16984374821186066,0.3479687422513962,0.3479687422513962,0.3479687422513962,0.17812499403953552,0.1731249950826168,1.3046484277583659,0.27611914285106165,-0.1145312488079071,0.09127256106399,3.812413481061848,1.9515722136322484,1.8967912488096081,lr,1,2,2.2310036447036166,299,288.9932556152344,1,lr_auto
289.04425,289.04925,50.99438476560181,52.99438476561136,55.99438476559726,5.0,2.9953145936424295,0.3529687523841858,0.40171873569488525,0.40171873569488525,0.40171873569488525,0.04874998331069946,0.04656249284744263,1.9075390584766865,0.3804586409573111,-0.1145312488079071,0.09127256106399,4.40130890392399,0.5341143355944783,0.5101477629711548,lr,1,3,1.8918043659283377,299,288.9932556152344,2,lr_auto
300.00325,300.00575,12.008544921854991,14.258544921858629,14.508544921852717,2.5,1.6829184710162624,0.05531249940395355,0.14749999716877937,0.14749999716877937,0.14749999716877937,0.09218749776482582,0.059999998193234205,0.3085546852671541,0.12170683239531999,-0.08312499895691872,0.11142665526964701,1.323740686748935,0.8273379250390009,0.5384707819510257,er,1,1,1.1393108073360994,321,299.9912414550781,1,er_auto
300.0075,300.00925,16.25854492186818,17.258544921901375,18.00854492188364,1.75,1.127075316261793,-1.4243750534951687,-1.2775000296533108,-1.4243750534951687,1.4243750534951687,0.1468750238418579,0.11000001430511475,2.4155469173565507,1.370662885148162,-0.08312499895691872,0.11142665526964701,12.783072865718273,1.3181318553126053,0.9871965916855364,mr,-1,1,1.0037016784535964,321,299.9912414550781,1,mr_auto
300.017,300.0235,25.758544921870907,28.008544921874545,32.25854492188773,6.5,4.4729886725888655,-0.36781251057982445,-0.25749998912215233,-0.25749998912215233,0.36781251057982445,0.11031252145767212,0.10093751549720764,1.9087499920278788,0.29808102943521175,-0.08312499895691872,0.11142665526964701,3.300938269121839,0.9900011912833716,0.9058650755776868,lr,1,2,2.227142402779357,321,299.9912414550781,1,lr_auto
300.0325,300.038,41.258544921902285,43.25854492185499,46.758544921885914,5.5,3.3261250029807883,0.6846874989569187,0.938749972730875,0.938749972730875,0.938749972730875,0.2540624737739563,0.22968745231628418,4.638281254097819,0.8405521531347588,-0.08312499895691872,0.11142665526964701,8.42482411824304,2.280087050617625,2.0613330962905767,lr,1,3,3.2925988887657813,321,299.9912414550781,2,lr_auto
300.503,300.50625,11.758544921860903,13.008544921888188,15.008544921897737,3.25,1.4945902355728773,0.3571875113993883,0.3784374911338091,0.3784374911338091,0.3784374911338091,0.021249979734420776,0.01656249165534973,1.2007421986199915,0.3688075429461361,-0.040312500670552254,0.10216040823832154,3.7043459169719024,0.2080060181910047,0.1621224106379104,er,1,1,1.8667272759424633,322,300.4912414550781,1,er_auto
300.50875,300.51125,17.508544921895464,18.508544921871817,20.00854492189319,2.5,1.6884084326449158,-2.116562394425273,-1.848125008866191,-2.116562394425273,2.116562394425273,0.26843738555908203,0.255312442779541,5.060156296007335,2.0108026793120435,-0.040312500670552254,0.10216040823832154,20.718029919063362,2.6276068213516406,2.4991329535796667,mr,-1,1,0.5027994550717351,322,300.4912414550781,1,mr_auto
300.527,300.5415,35.75854492186181,40.50854492186318,50.25854492185999,14.5,7.749999909099273,-0.21375000290572643,-0.013437500223517418,-0.013437500223517418,0.21375000290572643,0.20031250268220901,0.16187500208616257,1.3558203065767884,0.10924849654203073,-0.040312500670552254,0.10216040823832154,2.092297853852412,1.9607645088390466,1.5845179642248277,lr,1,1,4.024143281979826,322,300.4912414550781,1,lr_auto
301.00275,301.006,11.508544921866815,13.258544921882276,14.758544921846806,3.25,2.5219201882435236,0.10046875476837158,0.3020312488079071,0.3020312488079071,0.3020312488079071,0.20156249403953552,0.18781249597668648,0.8190234474604949,0.25102370913738586,-0.15703125298023224,0.1056352486744523,2.8591900203568397,1.9080988265641585,1.7779339598611519,er,1,1,3.213593497978509,323,300.9912414550781,1,er_auto
301.0085,301.01125,17.258544921901375,18.508544921871817,20.00854492189319,2.75,1.7880903205307974,-2.117343708872795,-1.8339062184095383,-2.117343708872795,2.117343708872795,0.28343749046325684,0.25218749046325684,5.555038932710886,2.007998839932447,-0.15703125298023224,0.1056352486744523,20.043912760579044,2.683171517272205,2.3873422330878458,mr,-1,1,0.45859771702727575,323,300.9912414550781,1,mr_auto
301.017,301.02325,25.758544921870907,30.258544921878183,32.008544921893645,6.25,4.636378552947141,-0.2695312350988388,-0.11734373867511749,-0.11734373867511749,0.2695312350988388,0.1521874964237213,0.14656251668930054,1.0187890529632568,0.173737573553389,-0.15703125298023224,0.1056352486744523,2.551527435027703,1.4406885801228544,1.387439500814527,lr,1,2,2.6614129791512147,323,300.9912414550781,1,lr_auto
301.03425,301.04025,43.0085449218609,46.25854492189774,49.00854492188955,6.0,4.2715559759625945,-0.1301562339067459,0.10515625402331352,0.10515625402331352,0.1301562339067459,0.23531248793005943,0.23218750581145287,0.42359374836087227,0.08027526439520774,-0.15703125298023224,0.1056352486744523,1.232128816280469,2.2275943956476842,2.198011636504123,lr,1,4,3.7596066276429387,323,300.9912414550781,2,lr_auto
301.50325,301.50475,12.008544921854991,13.258544921882276,13.508544921876364,1.5,0.9434210549692372,0.006250001490116119,0.05375000089406967,0.05375000089406967,0.05375000089406967,0.04749999940395355,0.044999999925494194,0.05335937648487743,0.036317863722260195,-0.034062501043081284,0.11513315415121614,0.4668507632777462,0.41256577876401224,0.39085179466542797,er,1,1,0.5569799150673834,324,301.4912414550781,1,er_auto
301.5075,301.50925,16.25854492186818,17.008544921850444,18.00854492188364,1.75,1.0822031742921376,-1.5109374560415745,-1.405312541872263,-1.5109374560415745,1.5109374560415745,0.10562491416931152,0.06968748569488525,2.591054699383676,1.473829230839015,-0.034062501043081284,0.11513315415121614,13.123391495529653,0.9174152740624436,0.6052773087703092,mr,-1,1,1.1804426559043992,324,301.4912414550781,1,mr_auto
301.54325,301.54575,52.008544921875455,53.25854492190274,54.50854492187318,2.5,1.6064036646643636,-0.06531250104308128,0.018437501043081284,0.018437501043081284,0.06531250104308128,0.08375000208616257,0.07187499850988388,0.05289062624797225,0.03120266301315868,-0.034062501043081284,0.11513315415121614,0.5672779619786991,0.7274186371734863,0.6242771601261188,lr,1,4,1.204068302919408,324,301.4912414550781,1,lr_auto
306.50425,306.50625,13.252685546888188,14.502685546858629,15.252685546897737,2.0,1.4237850248043655,-0.013125000521540642,0.1178125012665987,0.1178125012665987,0.1178125012665987,0.13093750178813934,0.08031250163912773,0.18101562652736902,0.09034691617593738,-0.017812499776482582,0.09636899646520614,1.2225145595361129,1.3587098194533354,0.8333852648151673,er,1,2,1.1930897747950902,334,306.4909973144531,1,er_auto
306.50875,306.51125,17.752685546895464,18.752685546871817,20.25268554689319,2.5,1.6778112929308604,-2.6628124620765448,-2.4356250669807196,-2.6628124620765448,2.6628124620765448,0.2271873950958252,0.20812487602233887,6.463320231996477,2.5737678740749526,-0.017812499776482582,0.09636899646520614,27.63142255027994,2.3574739120361268,2.1596663206665436,mr,-1,1,0.5336619978653871,334,306.4909973144531,1,mr_auto
306.52475,306.52625,33.752685546858174,34.50268554689728,35.25268554687955,1.5,0.9914283538351167,-0.10812500678002834,-0.08499999903142452,-0.08499999903142452,0.10812500678002834,0.02312500774860382,0.017812497913837433,0.13792968913912773,0.09423971927814156,-0.017812499776482582,0.09636899646520614,1.1219895479462287,0.23996314786730258,0.18483639518098133,lr,1,2,0.6634036363311009,334,306.4909973144531,1,lr_auto
307.5025,307.5035,11.502685546872726,12.252685546854991,12.50268554684908,1.0,0.4542855656386863,0.22156249731779099,0.2815624959766865,0.2815624959766865,0.2815624959766865,0.05999999865889549,0.047187498304992914,0.2558203096850775,0.2511461200287834,-0.2368749976158142,0.1429319190636277,1.9699063569652755,0.419780263582593,0.3301396819837484,er,1,1,0.8338737126787658,336,307.4909973144531,1,er_auto
307.508,307.51075,17.002685546856355,18.25268554688364,19.75268554684817,2.75,1.8502846234855068,-1.5490625500679016,-1.2893750071525574,-1.5490625500679016,1.5490625500679016,0.25968754291534424,0.2418750524520874,4.016992226243019,1.4498203594258,-0.2368749976158142,0.1429319190636277,10.837765001800049,1.8168617941786782,1.6922395923643485,mr,-1,1,0.5881059572450469,336,307.4909973144531,1,mr_auto
307.5155,307.52475,24.502685546849534,26.252685546864996,33.752685546858174,9.25,3.0275629022022263,-0.21531251072883606,0.01812499761581421,0.01812499761581421,0.21531251072883606,0.23343750834465027,0.22031250596046448,1.0138281509280205,0.12784793728968083,-0.2368749976158142,0.1429319190636277,1.5063990754436547,1.633207682888054,1.5413807314963004,lr,1,2,2.878641008471467,336,307.4909973144531,1,lr_auto
307.52225,307.52425,31.252685546860448,32.75268554688182,33.25268554687,2.0,1.3157230604362833,-0.1496874988079071,-0.12843748927116394,-0.12843748927116394,0.1496874988079071,0.021250009536743164,0.02000001072883606,0.2721875049173832,0.1377459545789098,-0.2368749976158142,0.1429319190636277,1.047264318484887,0.14867224673086135,0.13992683271769993,lr,1,3,0.7289188378364378,336,307.4909973144531,2,lr_auto
307.53,307.53225,39.002685546847715,40.00268554688091,41.25268554685135,2.25,1.413096374141564,-0.2409375011920929,-0.20343750715255737,-0.20343750715255737,0.2409375011920929,0.03749999403953552,0.026250004768371582,0.4822656251490116,0.21674307117839603,-0.2368749976158142,0.1429319190636277,1.6856801669670225,0.2623626289019599,0.18365390278350707,lr,1,4,0.8688060329603936,336,307.4909973144531,3,lr_auto
308.0045,308.0065,13.502685546882276,15.002685546846806,15.502685546891826,2.0,0.774946234250816,0.14343750476837158,0.3015625071711838,0.3015625071711838,0.3015625071711838,0.15812500240281224,0.06937499763444066,0.5130468887509778,0.2526792268437861,-0.3050000071525574,0.0750566417902708,4.017799091169488,2.1067423032948587,0.9243019135907221,er,1,1,1.2270625666105148,337,307.9909973144531,1,er_auto
308.00825,308.011,17.252685546850444,18.50268554687773,20.0026855468991,2.75,1.811498445992148,-1.8490625023841858,-1.4699999690055847,-1.8490625023841858,1.8490625023841858,0.3790625333786011,0.2775000333786011,4.787070259451866,1.7263614950471036,-0.3050000071525574,0.0750566417902708,24.635561334478332,5.050352964602487,3.6972082251430005,mr,-1,1,0.4732161479003729,337,307.9909973144531,1,mr_auto
308.03475,308.03975,43.75268554684908,46.252685546846806,48.752685546901375,5.0,2.931221702289375,0.21156250685453415,0.34312500804662704,0.34312500804662704,0.34312500804662704,0.1315625011920929,0.10968749970197678,1.4724219100899063,0.293973967025837,-0.3050000071525574,0.0750566417902708,4.57154756544283,1.7528428937670197,1.4613963146456013,lr,1,4,2.21888182178532,337,307.9909973144531,1,lr_auto
308.50325,308.50625,12.252685546854991,14.502685546858629,15.252685546897737,3.0,1.2173201874778545,0.5693749841302633,0.8993750270456076,0.8993750270456076,0.8993750270456076,0.33000004291534424,0.2459375262260437,2.2861328069120646,0.7562243249129494,0.057499999180436134,0.06926521689975634,12.984511812721564,4.7642966800051285,3.5506642039679925,er,1,1,3.9383297864399025,338,308.4909973144531,1,er_auto
308.509,308.51125,18.002685546889552,19.002685546865905,20.25268554689319,2.25,1.504876239836457,-1.2350000087171793,-1.0643750373274088,-1.2350000087171793,1.2350000087171793,0.1706249713897705,0.15812504291534424,2.646328064147383,1.1670966044800772,0.057499999180436134,0.06926521689975634,17.830017200473442,2.463357209098276,2.2828924818670493,mr,-1,1,0.6105540137654556,338,308.4909973144531,1,mr_auto
308.51575,308.5215,24.752685546900466,29.00268554685681,30.502685546878183,5.75,4.185086877519698,-0.2049999926239252,-0.05499999923631549,-0.05499999923631549,0.2049999926239252,0.14999999338760972,0.13218750292435288,0.5651171830977546,0.11208028892902927,0.057499999180436134,0.06926521689975634,2.9596383552889205,2.1655890229102477,1.9084254527876587,lr,1,2,2.5767709977222384,338,308.4909973144531,1,lr_auto
308.53725,308.54075,46.252685546846806,48.252685546856355,49.75268554687773,3.5,2.0172417762022055,0.24312499724328518,0.2949999924749136,0.2949999924749136,0.2949999924749136,0.05187499523162842,0.049062490463256836,0.9566015647724271,0.27196175617266577,0.057499999180436134,0.06926521689975634,4.2589918241626314,0.7489328345958143,0.708327969784058,lr,1,4,1.213005254095536,338,308.4909973144531,2,lr_auto
309.00475,309.00625,13.752685546876364,14.752685546852717,15.252685546897737,1.5,0.7229721240774637,-0.09203124791383743,0.11359375156462193,0.11359375156462193,0.11359375156462193,0.20562499947845936,0.0853125024586916,0.11320312740281224,0.07809175754668524,-0.13453125208616257,0.12115620814561844,0.9375809403682629,1.6971891298489412,0.704152958931778,er,1,1,1.001076114963172,339,308.9909973144531,1,er_auto
309.00775,309.01075,16.752685546862267,18.002685546889552,19.75268554684817,3.0,1.9362743234202653,-1.6307813003659248,-1.2920312955975533,-1.6307813003659248,1.6307813003659248,0.3387500047683716,0.26875007152557373,4.575000010430813,1.5133860765717877,-0.13453125208616257,0.12115620814561844,13.46015466583337,2.7959772755616927,2.218211312808348,mr,-1,1,0.5347294765422913,339,308.9909973144531,1,mr_auto
309.0175,309.02225,26.502685546859084,29.2526855468509,31.252685546860448,4.75,2.924429258939792,-0.39265627413988113,-0.274531252682209,-0.274531252682209,0.39265627413988113,0.11812502145767212,0.11406248807907104,1.5274999868124723,0.3271603284748392,-0.13453125208616257,0.12115620814561844,3.240909237337182,0.9749811690680917,0.941449801251444,lr,1,2,1.4861106166786995,339,308.9909973144531,1,lr_auto
314.00225,314.00525,11.496826171878638,12.996826171900011,14.49682617186454,3.0,1.829410045744592,-0.11796875298023224,-0.059843748807907104,-0.059843748807907104,0.11796875298023224,0.058125004172325134,0.04343750327825546,0.2343359449878335,0.0823917242845204,0.18140625208616257,0.04239309198260307,2.782735286886913,1.3710961256654268,1.024636355755343,er,1,1,1.7786927295662442,349,313.9907531738281,1,er_auto
314.00725,314.0105,16.49682617187409,17.746826171901375,19.74682617185408,3.25,2.063866394212048,-2.547031156718731,-2.06515621393919,-2.547031156718731,2.547031156718731,0.481874942779541,0.39343738555908203,7.769687509164214,2.3753077611529387,0.18140625208616257,0.04239309198260307,60.0812782838289,11.366827005147181,9.280695678450103,mr,-1,1,1.306816979488732,349,313.9907531738281,1,mr_auto
314.01575,314.02525,24.996826171900466,26.746826171859084,34.496826171903194,9.5,3.1980323817869687,-0.6614062413573265,-0.4414062425494194,-0.4414062425494194,0.6614062413573265,0.2199999988079071,0.17781251668930054,4.997382864356041,0.5313892444523154,0.18140625208616257,0.04239309198260307,15.60174571906076,5.1895247201640515,4.194374799608148,lr,1,1,3.7159843140970477,349,313.9907531738281,1,lr_auto
314.02175,314.024,30.99682617187227,31.996826171848625,33.24682617187591,2.25,1.4191172345701175,-0.5467187389731407,-0.5251562520861626,-0.5251562520861626,0.5467187389731407,0.02156248688697815,0.01812499761581421,1.1981250140815973,0.5337968093408677,0.18140625208616257,0.04239309198260307,12.896411028417052,0.5086320878841956,0.4275460167720769,lr,1,2,0.6387983184443082,349,313.9907531738281,2,lr_auto
314.5045,314.506,13.746826171882276,14.746826171858629,15.246826171846806,1.5,0.8050438656678205,-0.8292187079787254,-0.6998437270522118,-0.6998437270522118,0.8292187079787254,0.12937498092651367,0.1053125262260437,1.1259765587747097,0.7613897545566155,-0.18953124433755875,0.13528725905790925,6.129318560765439,0.9562983375332865,0.7784363949672825,er,1,1,0.6369014196957835,350,314.4907531738281,1,er_auto
314.5075,314.5105,16.74682617186818,17.996826171895464,19.74682617185408,3.0,2.106702021614531,-2.1417187079787254,-1.7654687985777855,-2.1417187079787254,2.1417187079787254,0.37624990940093994,0.3621875047683716,6.05597660690546,2.003758515193637,-0.18953124433755875,0.13528725905790925,15.830897328343166,2.78111857702644,2.677173795156412,mr,-1,1,0.6908235341312357,350,314.4907531738281,1,mr_auto
314.51425,314.524,23.496826171879093,24.746826171849534,33.24682617187591,9.75,7.917084803092795,-0.007343761622905731,0.1510937437415123,0.1510937437415123,0.1510937437415123,0.15843750536441803,0.12437500059604645,0.9950390104204416,0.10477605330991176,-0.18953124433755875,0.13528725905790925,1.1168364618639892,1.171119190881082,0.919340087619102,lr,1,2,3.013856210932246,350,314.4907531738281,1,lr_auto
315.002,315.00525,11.24682617188455,13.496826171888188,14.49682617186454,3.25,1.8099999332428616,0.2434375062584877,0.26875001192092896,0.26875001192092896,0.26875001192092896,0.025312505662441254,0.021875008940696716,0.8426953302696347,0.25838455745346767,-0.13562500476837158,0.06671700265109538,4.0282087210420645,0.3794011220020788,0.3278775735039344,er,1,1,1.8661200413719348,351,314.9907531738281,1,er_auto
315.0075,315.0105,16.74682617186818,18.246826171889552,19.74682617185408,3.0,2.01060502556488,-0.9103125333786011,-0.7024999856948853,-0.9103125333786011,0.9103125333786011,0.20781254768371582,0.17125004529953003,2.53980465978384,0.8395635277107687,-0.13562500476837158,0.06671700265109538,13.644385946700728,3.1148363899154257,2.5668126338813932,mr,-1,1,0.4547636752561843,351,314.9907531738281,1,mr_auto
315.01475,315.02,23.99682617186727,25.99682617187682,29.24682617185681,5.25,3.8626375377827453,-0.18406248092651367,-0.032499998807907104,-0.032499998807907104,0.18406248092651367,0.15156248211860657,0.15125000476837158,0.40769529342651367,0.09688010515520433,-0.13562500476837158,0.06671700265109538,2.7588541692901076,2.2717219913373636,2.267038367406158,lr,1,2,2.607662189688988,351,314.9907531738281,1,lr_auto
315.02275,315.026,31.996826171848625,33.996826171858174,35.24682617188546,3.25,2.11140566611839,-0.24656248092651367,-0.2162500023841858,-0.2162500023841858,0.24656248092651367,0.03031247854232788,0.025624990463256836,0.7344921827316284,0.22750881251886035,-0.13562500476837158,0.06671700265109538,3.695646853560582,0.4543441302489359,0.38408485760767486,lr,1,3,0.9098235958842378,351,314.9907531738281,2,lr_auto
315.04175,315.0465,50.99682617185408,53.74682617190274,55.746826171855446,4.75,3.358148276233549,-0.034999996423721313,0.010312497615814209,0.010312497615814209,0.034999996423721313,0.04531249403953552,0.040312498807907104,0.05234375596046448,0.015159954423306336,-0.13562500476837158,0.06671700265109538,0.5246038495877583,0.6791746067565817,0.6042312634865535,lr,1,6,1.9906299885554273,351,314.9907531738281,3,lr_auto
320.0,320.00225,11.260986328125,12.510986328152285,13.510986328128638,2.25,1.4500439217326826,0.2462499998509884,0.5703124962747097,0.5703124962747097,0.5703124962747097,0.3240624964237213,0.1796875,1.114921878091991,0.4876594498406787,-0.08875000104308128,0.13343400150504894,4.274116715694312,2.4286350762812074,1.346639521960232,er,1,1,2.8337252338905223,361,319.9887390136719,1,er_auto
320.00525,320.0075,16.51098632811454,17.510986328147737,18.76098632811818,2.25,1.4996249535269193,-2.0621875561773777,-1.8434375561773777,-2.0621875561773777,2.0621875561773777,0.21875,0.2131251096725464,4.46289058867842,1.971304758918241,-0.08875000104308128,0.13343400150504894,15.454738169561283,1.6393872441255,1.5972323940572377,mr,-1,1,0.7589750109025051,361,319.9887390136719,1,mr_auto
320.018,320.02025,29.26098632809726,30.01098632813637,31.5109863281009,2.25,1.4141020349106075,0.503749992698431,0.5281250141561031,0.5281250141561031,0.5281250141561031,0.02437502145767212,0.02187502384185791,1.168593748472631,0.5180071475027996,-0.08875000104308128,0.13343400150504894,3.957949309765095,0.18267473944225382,0.16393890309157963,lr,1,1,0.6434043819086931,361,319.9887390136719,1,lr_auto
320.022,320.029,33.26098632811636,37.01098632814137,40.26098632812136,7.0,2.667936835189289,0.4909374974668026,0.5712499879300594,0.5712499879300594,0.5712499879300594,0.08031249046325684,0.0793749988079071,3.6674609407782555,0.523546190003478,-0.08875000104308128,0.13343400150504894,4.281142598488619,0.6018892453001788,0.5948633625058728,lr,1,3,1.459758668508517,361,319.9887390136719,2,lr_auto
320.0315,320.033,42.76098632811909,43.51098632810135,44.26098632814046,1.5,0.8699867387400142,0.4831249974668026,0.5024999938905239,0.5024999938905239,0.5024999938905239,0.019374996423721313,0.013437479734420776,0.7442578170448542,0.49477408829719705,-0.08875000104308128,0.13343400150504894,3.765906652147504,0.14520284339211842,0.10070506454767694,lr,1,4,0.9416535211075869,361,319.9887390136719,3,lr_auto
320.49975,320.50275,11.255126953130912,13.255126953140461,14.255126953116815,3.0,1.9307002528642132,0.32640625117346644,0.5539062428288162,0.5539062428288162,0.5539062428288162,0.22749999165534973,0.1796875,1.4470703140832484,0.477375680094564,0.008281250018626451,0.12949584245206788,4.2774056088622405,1.7568130941312459,1.3875928106843296,er,1,1,2.7893468827910373,362,320.4884948730469,1,er_auto
320.50625,320.509,17.755126953147737,19.00512695311818,20.505126953139552,2.75,1.9094268526126488,-1.8182811927981675,-1.5479687643237412,-1.8182811927981675,1.8182811927981675,0.27031242847442627,0.2099999189376831,4.789296888164245,1.7300567761833778,0.008281250018626451,0.12949584245206788,14.041232199954168,2.0874216759080957,1.6216730588506216,mr,-1,1,0.5936830098087212,362,320.4884948730469,1,mr_auto
320.51575,320.51775,27.255126953150466,28.00512695313273,29.255126953103172,2.0,1.312015444517673,0.06796875176951289,0.09734375355765224,0.09734375355765224,0.09734375355765224,0.029375001788139343,0.0246875062584877,0.17542968690395355,0.08637861818849879,0.008281250018626451,0.12949584245206788,0.7517133501307847,0.22684127329425519,0.19064323449322812,lr,1,2,0.6272810589864651,362,320.4884948730469,1,lr_auto
320.535,320.5385,46.50512695315001,48.25512695310863,50.00512695312409,3.5,2.280571451171771,0.2810937571339309,0.4451562571339309,0.4451562571339309,0.4451562571339309,0.1640625,0.15906250476837158,1.348671883577481,0.3825792573890774,0.008281250018626451,0.12949584245206788,3.437610418254956,1.2669325662769966,1.2283213248892344,lr,1,5,2.0528478780422392,362,320.4884948730469,2,lr_auto
321.00175,321.0035,13.010986328140461,14.510986328104991,14.76098632809908,1.75,1.08561458836301,0.0625,0.09593749046325684,0.09593749046325684,0.09593749046325684,0.033437490463256836,0.01812499761581421,0.1541796810925007,0.08651637036575774,-0.29999999701976776,0.01737421875,5.521830468679741,1.9245464181378997,1.0432122374316375,er,1,1,1.0326038326728078,363,320.9887390136719,1,er_auto
321.006,321.00875,17.260986328096806,18.51098632812409,20.010986328145464,2.75,1.7133236576034192,-1.8050000220537186,-1.5109375268220901,-1.8050000220537186,1.8050000220537186,0.2940624952316284,0.20718753337860107,4.720703091472387,1.7054380467357488,-0.29999999701976776,0.01737421875,103.8895646489842,16.92522118334837,11.924998548703151,mr,-1,1,1.1640918797473452,363,320.9887390136719,1,mr_auto
321.0215,321.02325,32.76098632812818,33.51098632811045,34.510986328143645,1.75,1.0364371551273295,0.2562499977648258,0.2737499978393316,0.2737499978393316,0.2737499978393316,0.017500000074505806,0.01250000111758709,0.4693749942816794,0.26709277057228537,-0.29999999701976776,0.01737421875,15.756104017012657,1.0072395384400121,0.7194568744328196,lr,1,2,0.6406620183576544,363,320.9887390136719,1,lr_auto
322.0,322.00225,11.505126953125,12.505126953101353,13.755126953128638,2.25,1.284090941491106,0.26640625670552254,0.29015625454485416,0.29015625454485416,0.29015625454485416,0.023749997839331627,0.02187499962747097,0.6311328238807619,0.27930953500020406,-0.31078125536441803,0.0956740118086338,3.0327593571096587,0.24823875773952214,0.22864097798287297,er,1,1,1.3412129577288576,365,321.9884948730469,1,er_auto
322.006,322.00875,17.505126953096806,18.75512695312409,20.255126953145464,2.75,1.7596573580373889,-1.7732813209295273,-1.357343778014183,-1.7732813209295273,1.7732813209295273,0.41593754291534424,0.32531261444091797,4.5187890864908695,1.6283064623957346,-0.31078125536441803,0.0956740118086338,18.534618622206693,4.3474454039546115,3.4002192266339266,mr,-1,1,0.519590496239147,365,321.9884948730469,1,mr_auto
322.03375,322.042,45.255126953122726,50.25512695311818,53.50512695309817,8.25,3.9342949986959797,0.3695312552154064,0.48046875,0.48046875,0.48046875,0.11093749478459358,0.10499999672174454,3.513046917039901,0.4258890328200803,-0.31078125536441803,0.0956740118086338,5.021935851932589,1.1595363535762422,1.0974766787428594,lr,1,3,2.763333156785821,365,321.9884948730469,1,lr_auto
322.50075,322.5045,12.255126953107265,14.255126953116815,16.005126953132276,3.75,2.3521175057389048,0.22734374972060323,0.4854687419719994,0.4854687419719994,0.4854687419719994,0.2581249922513962,0.22031249105930328,1.4964062449289486,0.39835150611972153,-0.015781250316649675,0.13088577862652018,3.709102295653329,1.9721393337006492,1.6832423917342492,er,1,1,3.5553858868536277,366,322.4884948730469,1,er_auto
322.506,322.50875,17.505126953096806,19.00512695311818,20.255126953145464,2.75,1.8180692677824664,-0.754218730609864,-0.47609374253079295,-0.754218730609864,0.754218730609864,0.27812498807907104,0.2565624713897705,1.805546858930029,0.6491114598297834,-0.015781250316649675,0.13088577862652018,5.76241925230098,2.12494429110358,1.960201284525083,mr,-1,1,0.6225195047582305,366,322.4884948730469,1,mr_auto
322.513,322.51825,24.505126953101808,26.505126953111358,29.755126953148192,5.25,3.826395861778376,0.667656269390136,0.7948437598533928,0.7948437598533928,0.7948437598533928,0.12718749046325684,0.10062503814697266,3.989531224244274,0.7571659081886737,-0.015781250316649675,0.13088577862652018,6.072804610204924,0.9717441558428106,0.7688003937700832,lr,1,2,1.9480972269166428,366,322.4884948730469,1,lr_auto
323.00125,323.0045,12.510986328152285,15.010986328150011,15.760986328132276,3.25,1.695730160494017,0.08093749731779099,0.3606249913573265,0.3606249913573265,0.3606249913573265,0.2796874940395355,0.10656249523162842,0.987109387293458,0.3017217299328611,0.18312499672174454,0.11420652727335691,3.157656571538676,2.448962425502132,0.9330683436032315,er,1,1,2.8933117222806235,367,322.9887390136719,1,er_auto
323.00625,323.009,17.510986328147737,18.76098632811818,20.260986328139552,2.75,1.8752377652791432,-1.7728124633431435,-1.4825000539422035,-1.7728124633431435,1.7728124633431435,0.29031240940093994,0.26812493801116943,4.610976545140147,1.6643149128579644,0.18312499672174454,0.11420652727335691,15.522864635397426,2.5419948958439833,2.3477199106965574,mr,-1,1,0.5667084548935087,367,322.9887390136719,1,mr_auto
323.0165,323.01925,27.76098632813273,29.010986328103172,30.510986328124545,2.75,1.7369528173556854,0.19812499731779099,0.2628125175833702,0.2628125175833702,0.2628125175833702,0.06468752026557922,0.06062501668930054,0.6573828291147947,0.23683069973158571,0.18312499672174454,0.11420652727335691,2.3012040017145448,0.5664082588795263,0.5308367055430436,lr,1,2,0.5691273132191875,367,322.9887390136719,1,lr_auto
325.503,325.5045,14.505126953110903,15.5051269531441,16.005126953132276,1.5,0.802789579878295,0.0534374937415123,0.33687499910593033,0.33687499910593033,0.33687499910593033,0.28343750536441803,0.2031250037252903,0.3527734335511923,0.2337508037657019,-0.1603124961256981,0.12439941464513539,2.708011127439045,2.278447259361777,1.6328453337560256,er,1,2,2.0408708340070363,372,325.4884948730469,1,er_auto
325.506,325.5085,17.505126953096806,18.505126953130002,20.005126953151375,2.5,1.6073492946827845,-1.4343749657273293,-1.184999980032444,-1.4343749657273293,1.4343749657273293,0.24937498569488525,0.23093748092651367,3.359960962086916,1.3331614175920588,-0.1603124961256981,0.12439941464513539,11.530399639090426,2.0046315041454017,1.8564193536222915,mr,-1,1,0.4969051793065353,372,325.4884948730469,1,mr_auto
325.5365,325.53825,48.00512695311454,49.00512695314774,49.75512695313,1.75,0.9123207161907236,-0.05562499910593033,-0.014375008642673492,-0.014375008642673492,0.05562499910593033,0.041249990463256836,0.03125,0.0526562575250864,0.03515278123922416,-0.1603124961256981,0.12439941464513539,0.447148399086985,0.3315931234960189,0.25120696981689555,lr,1,3,0.9192808336718521,372,325.4884948730469,1,lr_auto
325.54275,325.54525,54.25512695313728,55.50512695310772,56.755126953135004,2.5,1.65490173675558,-0.12687499076128006,-0.10687500983476639,-0.10687500983476639,0.12687499076128006,0.019999980926513672,0.017499983310699463,0.2832031287252903,0.1146014666299878,-0.1603124961256981,0.12439941464513539,1.019900223190009,0.1607723073582466,0.14067576893846578,lr,1,4,1.5261983105805557,372,325.4884948730469,2,lr_auto
330.5015,330.50525,13.005126953146373,14.755126953104991,16.75512695311454,3.75,2.2362551768577927,0.4804687350988388,0.6485937386751175,0.6485937386751175,0.6485937386751175,0.1681250035762787,0.1421874761581421,2.207968734204769,0.585193992755691,-0.13859374821186066,0.13621387212797997,4.761583593084632,1.2342722583960946,1.0438545937857902,er,1,1,2.7462824780207615,382,330.4884948730469,1,er_auto
330.50525,330.50725,16.75512695311454,17.755126953147737,18.75512695312409,2.0,1.1870517389222415,0.36328125,0.4920312613248825,0.36328125,0.4920312613248825,0.1287500113248825,0.1171874850988388,0.8274609372019768,0.4240571680687549,-0.13859374821186066,0.13621387212797997,3.6121964205128365,0.9452048408396703,0.8603197550153711,mr,-1,1,0.845749770482862,382,330.4884948730469,1,mr_auto
330.50925,330.51375,20.75512695313364,23.005126953137278,25.255126953140916,4.5,3.0438268109407933,0.853593721985817,1.0276562720537186,1.0276562720537186,1.0276562720537186,0.1740625500679016,0.1584375500679016,4.358906231820583,0.9645307389642501,-0.13859374821186066,0.13621387212797997,7.54443182621064,1.277862139506326,1.1631528242515663,lr,1,2,2.1179505596525763,382,330.4884948730469,1,lr_auto
330.518,330.521,29.50512695309726,30.755126953124545,32.50512695314001,3.0,2.0998814448252427,1.417031243443489,1.5020312815904617,1.5020312815904617,1.5020312815904617,0.08500003814697266,0.07187497615814209,4.434687554836273,1.4743012489802736,-0.13859374821186066,0.13621387212797997,11.02700670735816,0.6240189550379327,0.5276626751393708,lr,1,3,0.699851424176441,382,330.4884948730469,2,lr_auto
330.518,330.521,29.50512695309726,31.255126953112722,32.50512695314001,3.0,2.0998814448252427,1.417031243443489,1.5020312815904617,1.5020312815904617,1.5020312815904617,0.08500003814697266,0.07187497615814209,4.434687554836273,1.4743012489802736,-0.13859374821186066,0.13621387212797997,11.02700670735816,0.6240189550379327,0.5276626751393708,lr,1,4,0.7148733593994262,382,330.4884948730469,3,lr_auto
331.50075,331.504,12.255126953107265,14.755126953104991,15.5051269531441,3.25,1.112599272239379,0.1576562523841858,0.21171875298023224,0.21171875298023224,0.21171875298023224,0.05406250059604645,0.015937507152557373,0.6533984486013651,0.1997060074054471,0.09171874821186066,0.23327784220352768,0.9075819245426413,0.2317515460764533,0.06831984984948718,er,1,2,1.490178295636473,384,331.4884948730469,1,er_auto
331.506,331.5085,17.505126953096806,18.505126953130002,20.005126953151375,2.5,1.7423869013306081,-1.6042187958955765,-1.4239062815904617,-1.6042187958955765,1.6042187958955765,0.18031251430511475,0.1640625,3.8682031258940697,1.5380248144654614,0.09171874821186066,0.23327784220352768,6.876858859556602,0.7729517411593583,0.7032922563509506,mr,-1,1,0.6086225529101131,384,331.4884948730469,1,mr_auto
331.51425,331.517,25.755126953129093,27.005126953099534,28.505126953120907,2.75,1.7623648715635207,-0.13390624895691872,-0.0007812455296516418,-0.0007812455296516418,0.13390624895691872,0.13312500342726707,0.09843750251457095,0.11156249506166205,0.06230914750648781,0.09171874821186066,0.23327784220352768,0.5740204371407451,0.57067144555941,0.42197536458986656,lr,1,3,0.8812835282199324,384,331.4884948730469,1,lr_auto
331.53,331.53225,41.505126953097715,42.50512695313091,43.75512695310135,2.25,1.4900041117351523,0.2704687565565109,0.3539062589406967,0.3539062589406967,0.3539062589406967,0.08343750238418579,0.07906252145767212,0.7297265715897083,0.32048657961594823,0.09171874821186066,0.23327784220352768,1.5171019055977228,0.35767435773599604,0.338919979329595,lr,1,6,0.9543076625128196,384,331.4884948730469,2,lr_auto
334.49975,334.503,11.255126953130912,12.505126953101353,14.505126953110903,3.25,2.1027965825330686,0.09093749709427357,0.14812500029802322,0.14812500029802322,0.14812500029802322,0.05718750320374966,0.05125000327825546,0.4169921774882823,0.12720658112293007,-0.06531249731779099,0.11536481570340693,1.2839703283437816,0.49571009024773927,0.44424292593692377,er,1,1,2.0246993586840483,390,334.4884948730469,1,er_auto
334.50675,334.50875,18.255126953135914,19.00512695311818,20.255126953145464,2.0,1.3477634808641177,-2.1212500408291817,-1.945312388241291,-2.1212500408291817,2.1212500408291817,0.17593765258789062,0.17437505722045898,4.115351513028145,2.0462843539806115,-0.06531249731779099,0.11536481570340693,18.387322234213368,1.5250546842653594,1.511509866827702,mr,-1,1,0.6545522790153384,390,334.4884948730469,1,mr_auto
334.516,334.5185,27.505126953144554,28.505126953120907,30.00512695314228,2.5,1.492074538794096,-0.3187500014901161,-0.2525000050663948,-0.2525000050663948,0.3187500014901161,0.06624999642372131,0.043125003576278687,0.6795312650501728,0.275733837489051,-0.06531249731779099,0.11536481570340693,2.7629741316416188,0.5742651779901802,0.37381417647430204,lr,1,1,0.42274128601163036,390,334.4884948730469,1,lr_auto
334.52475,334.5305,36.255126953108174,38.005126953123636,42.005126953142735,5.75,3.450131253128248,0.1106249988079071,0.3206249997019768,0.3206249997019768,0.3206249997019768,0.21000000089406967,0.2084375023841858,1.3383202934637666,0.23717614818564053,-0.06531249731779099,0.11536481570340693,2.779226905075428,1.8203123683217395,1.8067683904602316,lr,1,2,2.8755650953562664,390,334.4884948730469,2,lr_auto
334.537,334.544,48.50512695310272,51.005126953100444,55.50512695310772,7.0,4.992707683241051,0.34593748301267624,0.49031250923871994,0.49031250923871994,0.49031250923871994,0.1443750262260437,0.1315625011920929,3.112148430198431,0.4433260812002557,-0.06531249731779099,0.11536481570340693,4.250104386239141,1.2514649752245046,1.1404040338462365,lr,1,3,3.3110158722396825,390,334.4884948730469,3,lr_auto
383.41575,383.4175,11.239501953127728,12.239501953104082,12.98950195314319,1.75,1.0420454122310852,0.04453124664723873,0.0645312499254942,0.0645312499254942,0.0645312499254942,0.020000003278255463,0.01406250149011612,0.10148437367752194,0.05708751424921333,0.03609375096857548,0.1128165910989046,0.5720014166083127,0.17727891867182693,0.12464923246783566,er,1,1,1.0960432864036462,397,383.4045104980469,1,er_auto
383.423,383.425,18.48950195312682,19.239501953109084,20.48950195313637,2.0,1.3476146562388873,-2.7342186365276575,-2.5445311460644007,-2.7342186365276575,2.7342186365276575,0.18968749046325684,0.1737499237060547,5.340742100030184,2.658131359211186,0.03609375096857548,0.1128165910989046,24.235962192215233,1.6813793841453752,1.540109677252442,mr,-1,1,0.6881065023688221,397,383.4045104980469,1,mr_auto
383.43775,383.4405,33.23950195311909,34.48950195314637,35.9895019531109,2.75,1.5991022947308466,-0.5935937557369471,-0.550468722358346,-0.550468722358346,0.5935937557369471,0.043125033378601074,0.039687514305114746,1.5611718627624214,0.5698980542195,0.03609375096857548,0.1128165910989046,5.2615820949292145,0.3822579015952894,0.35178792337663617,lr,1,1,0.6527165162594665,397,383.4045104980469,1,lr_auto
429.417,429.4205,12.48950195309817,13.489501953131366,15.989501953129093,3.5,2.031327610739022,2.0753125473856926,2.237812452018261,2.237812452018261,2.237812452018261,0.16249990463256836,0.09843754768371582,7.657538954168558,2.1829958214384173,-0.09406249970197678,0.10517194766253232,21.27765532305993,1.5450879083649338,0.9359677164064193,er,1,1,2.4513061466396566,489,429.4045104980469,1,er_auto
429.42225,429.42425,17.739501953144554,18.989501953114996,19.73950195309726,2.0,1.0607698635810348,1.6925000473856926,2.0771874710917473,1.6925000473856926,2.0771874710917473,0.3846874237060547,0.26374995708465576,3.648164004087448,1.8493443039887556,-0.09406249970197678,0.10517194766253232,19.750394637140953,3.6576999119614118,2.5077975919106907,mr,-1,1,0.527765648232878,489,429.4045104980469,1,mr_auto
429.43275,429.43825,28.239501953123636,30.489501953127274,33.739501953107265,5.5,3.6122578591365735,1.9340625330805779,2.0696875378489494,2.0696875378489494,2.0696875378489494,0.13562500476837158,0.12312507629394531,11.126328144222498,2.019808238014148,-0.09406249970197678,0.10517194766253232,19.679083480416317,1.2895549410528622,1.1707026353550056,lr,1,5,2.0050133990716232,489,429.4045104980469,1,lr_auto
429.451,429.45325,46.48950195314683,47.48950195312318,48.739501953150466,2.25,1.420681348420934,0.3206249997019768,0.4581249877810478,0.4581249877810478,0.4581249877810478,0.13749998807907104,0.12874998152256012,0.9172656200826168,0.4022857402807785,-0.09406249970197678,0.10517194766253232,4.355961812659818,1.3073827302340209,1.2241855778470814,lr,1,6,1.5074293357057262,489,429.4045104980469,2,lr_auto
458.9145,458.91875,11.240722656225444,12.990722656240905,15.490722656238631,4.25,3.0224545012316946,2.112500011920929,2.256249964237213,2.256249964237213,2.256249964237213,0.14374995231628418,0.13625001907348633,9.393125101923943,2.205418678226905,0.1899999976158142,0.1100367132268846,20.504519792271996,1.3063817347932438,1.2382232718324886,er,1,1,3.3848817193230176,548,458.90325927734375,1,er_auto
458.9215,458.9235,18.240722656230446,19.49072265625773,20.240722656239996,2.0,1.056253882981001,1.4715624451637268,1.682812511920929,1.4715624451637268,1.682812511920929,0.21125006675720215,0.1778125762939453,3.116679698228836,1.571899171315322,0.1899999976158142,0.1100367132268846,15.29319135924334,1.919814401595455,1.6159386361106016,mr,-1,1,0.7381838391347654,548,458.90325927734375,1,mr_auto
458.9295,458.93525,26.240722656268645,28.490722656272283,31.990722656246362,5.75,4.166551788322113,1.6340624690055847,1.8668749928474426,1.8668749928474426,1.8668749928474426,0.2328125238418579,0.21687495708465576,10.319335952401161,1.7896619243819298,0.1899999976158142,0.1100367132268846,16.96592835336816,2.1157713368066706,1.9709327071364033,lr,1,3,3.1384267913678605,548,458.90325927734375,1,lr_auto
