auto_index,manual_index,overlap_s,intersection_over_union,epoch_index,stim_sample,next_stim_sample,stim_time_s_x,isi_ms,baseline_median_uv,baseline_noise_uv,baseline_noise_outlier,candidate_found,er_found,er_detection_source,er_significant,stim_time_s_y,er_start_ms,er_peak_ms,er_end_ms,er_core_end_ms,er_rebound_ms,er_full_duration_ms,er_width_ms,er_min_uv,er_max_uv,er_depth_uv,er_p2p_uv,er_core_p2p_uv,er_prominence_uv,er_rebound_change_native,er_rebound_depth_ratio,er_morphology_score,effective_noise_uv,er_depth_noise_ratio,er_p2p_noise_ratio,er_prominence_noise_ratio,amplitude_unit,er_threshold_source,er_significance_reason
97.0,238.0,0.024747314453122726,0.9997928708110615,549,1837613,1839613,459.40325,500.0,0.45500001311302185,0.13343400530219077,False,True,True,significant_er,True,459.40325,12.0,17.25,36.75,19.75,36.75,24.75,7.75,-0.6284375190734863,0.5853124856948853,1.0834375321865082,1.2137500047683716,0.6400000192224979,0.5687500201165676,1.2137500047683716,1.1202768675724912,2.371449304839398,0.13343400530219077,8.11965083213102,9.096257000002112,4.262406864191085,native,verified_mad,significant
51.0,141.0,0.022491455078125,0.9996202256953536,348,1253963,1255963,313.49075,500.0,0.040312498807907104,0.14362687058150767,False,True,True,significant_er,True,313.49075,13.0,15.5,35.5,20.25,35.5,22.5,7.25,-1.963437557220459,0.3659375011920929,2.003750056028366,2.329375058412552,1.1943750381469727,1.6268750429153442,2.329375058412552,1.1625077945248357,2.4091032173364777,0.14362687058150767,13.951080657231518,16.218240006076307,11.327093853180482,native,verified_mad,significant
53.0,143.0,0.022491455078125,0.9996202256953536,350,1257963,1259963,314.49075,500.0,-0.19374999403953552,0.13528725353479384,False,True,True,significant_er,True,314.49075,15.5,18.0,38.0,21.25,38.0,22.5,5.75,-2.331249952316284,0.08968749642372131,2.1374999582767487,2.4209374487400055,1.199062466621399,1.4418749809265137,2.4209374487400055,1.1326023373080034,1.8513424828864764,0.13528725353479384,15.799714329532279,17.894793378427014,10.657877540219893,native,verified_mad,significant
33.0,121.0,0.02249047851563546,0.9995334403907105,314,1185965,1187965,296.49125,500.0,-0.078125,0.05235431227907538,False,True,True,significant_er,True,296.49125,14.0,16.5,36.5,19.25,36.5,22.5,5.25,-0.6271874904632568,0.004999999888241291,0.5490624904632568,0.6346874879673123,0.3609374761581421,0.4268749952316284,0.6321874903514981,1.1513944247368033,2.26180820170042,0.12092456868588923,4.5405371003595505,5.2486231281581945,3.530093180158192,native,verified_mad,significant
61.0,152.0,0.0224892578124809,0.9994249693489932,362,1281954,1283955,320.4885,500.25,0.010937499813735485,0.13065412604939192,False,True,True,significant_er,True,320.4885,16.25,19.0,38.75,22.25,38.75,22.5,6.0,-1.809999942779541,0.5956249833106995,1.8209374425932765,2.4056249260902405,1.0784374475479126,1.5693749487400055,2.4056249260902405,1.3210914717994293,1.336514722347124,0.13065412604939192,13.937083333326168,18.412161933415163,12.01167537676327,native,verified_mad,significant
62.0,153.0,0.0224892578124809,0.9994249693489932,363,1283955,1285954,320.98875,499.75,-0.2993749976158142,0.01853248232603073,False,True,True,significant_er,True,320.98875,16.0,18.5,38.5,22.75,38.5,22.5,6.75,-2.1050000190734863,0.08093749731779099,1.8056250214576721,2.1859375163912773,1.0859375,1.2781250476837158,2.1859375163912773,1.2106265090558952,1.6521109566821668,0.12092456868588923,14.93182933029863,18.076868415957854,10.569606007888627,native,verified_mad,significant
9.0,11.0,0.02224999999999966,0.9997778539595321,43,410740,412739,102.685,499.75,0.07093749940395355,0.12787426060438156,False,True,True,significant_er,True,102.685,11.75,14.0,34.0,17.75,34.0,22.25,6.0,-0.9731249809265137,0.16312499344348907,1.0440624803304672,1.1362499743700027,0.567187488079071,0.45906245708465576,1.1362499743700027,1.0882969130452387,2.4846755243505902,0.12787426060438156,8.164758688698083,8.885681676669414,3.5899519959290864,native,verified_mad,significant
45.0,135.0,0.022247314453125,0.9998793012646989,338,1233964,1235964,308.491,500.0,0.05562499910593033,0.06764362676739692,False,True,True,significant_er,True,308.491,16.75,19.0,39.0,22.25,39.0,22.25,5.5,-1.1775000095367432,0.21437500417232513,1.2331250086426735,1.3918750137090683,0.765312522649765,1.0531250089406967,1.3918750137090683,1.128737965699953,1.7966558760949454,0.12092456868588923,10.197472871255878,11.510274783981819,8.708941618607456,native,verified_mad,significant
78.0,169.0,0.022246582031243634,0.9998134717300765,399,1537618,1539618,384.4045,500.0,-0.1106249988079071,0.12185118451751768,False,True,True,significant_er,True,384.4045,13.5,15.75,35.75,21.25,35.75,22.25,7.75,-2.8993749618530273,-0.24968749284744263,2.7887499630451202,2.6496874690055847,1.5656249523162842,2.2040624618530273,2.6496874690055847,0.9501344703245862,2.887061585143248,0.12185118451751768,22.886523213438284,21.74527461097153,18.08814966042587,native,verified_mad,significant
47.0,137.0,0.02224633789063546,0.9997915295166256,343,1243963,1245963,310.99075,500.0,-0.03187499940395355,0.14548011881411074,False,True,True,significant_er,True,310.99075,14.5,16.75,36.75,20.75,36.75,22.25,6.25,-1.863124966621399,-0.0690625011920929,1.8312499672174454,1.794062465429306,1.0924999713897705,1.239062488079071,1.794062465429306,0.9796928314245132,2.1005205171238943,0.14548011881411074,12.58763040713041,12.33201127448689,8.517057163407328,native,verified_mad,significant
50.0,140.0,0.02224633789063546,0.9997915295166256,347,1251963,1253963,312.99075,500.0,-0.2071875035762787,0.12880086262822152,False,True,True,significant_er,True,312.99075,14.5,16.75,36.75,21.0,36.75,22.25,6.5,-2.3506250381469727,-0.4115625023841858,2.143437534570694,1.9390625357627869,1.1912500858306885,1.7340625524520874,1.9390625357627869,0.9046508258292486,2.309630348288776,0.12880086262822152,16.641484310222673,15.054732524267422,13.463128406658182,native,verified_mad,significant
42.0,132.0,0.02223681640623454,0.9989361585445437,334,1225964,1227964,306.491,500.0,-0.02031249925494194,0.09775893816277384,False,True,True,significant_er,True,306.491,16.25,18.75,38.5,23.25,38.5,22.25,7.0,-2.6806249618530273,0.234375,2.6603124625980854,2.9149999618530273,1.577187418937683,1.8981249332427979,2.9149999618530273,1.0957359343444235,1.915976131158807,0.12092456868588923,21.99976804968765,24.105936399285092,15.696768273561693,native,verified_mad,significant
31.0,119.0,0.02199999999999136,0.9998557558941982,308,1173967,1175967,293.49175,500.0,0.10406249761581421,0.14362687058150767,False,True,True,significant_er,True,293.49175,12.25,14.25,34.25,20.0,34.25,22.0,7.75,-1.0281250476837158,-0.014687499962747097,1.13218754529953,1.0134375477209687,0.7206250429153442,0.7128125429153442,1.0134375477209687,0.8951145522916479,3.2228660697074267,0.14362687058150767,7.88283933720479,7.056044204109057,4.962946975237659,native,verified_mad,significant
96.0,216.0,0.02199999999999136,0.6263214596001015,522,1783617,1785618,445.90425,500.25,-0.23406249284744263,0.09312580101191997,False,True,True,significant_er,True,445.90425,11.25,13.25,33.25,18.5,33.25,22.0,7.25,-3.4046874046325684,-0.18031249940395355,3.1706249117851257,3.224374905228615,1.6368749141693115,0.588749885559082,3.224374905228615,1.0169524919973036,3.011080764186877,0.12092456868588923,26.219857107955168,26.664349025748226,4.868736700549287,native,verified_mad,significant
36.0,124.0,0.021998535156228627,0.9997226259540037,322,1201965,1203965,300.49125,500.0,-0.037812501192092896,0.09868556504063308,False,True,True,significant_er,True,300.49125,16.5,18.5,38.5,23.75,38.5,22.0,7.25,-2.156874895095825,-0.09875000268220901,2.1190623939037323,2.058124892413616,1.1112499237060547,1.2806248664855957,2.058124892413616,0.9712431773290747,2.218795955667624,0.12092456868588923,17.523836693667754,17.019906829353697,10.590278554659278,native,verified_mad,significant
60.0,151.0,0.021996337890584527,0.9995229642745053,361,1279955,1281954,319.98875,499.75,-0.08531250059604645,0.13806712588369846,False,True,True,significant_er,True,319.98875,15.0,17.5,37.0,22.0,37.0,22.0,7.0,-2.150937557220459,0.48249998688697815,2.0656250566244125,2.633437544107437,1.0862500667572021,1.962500050663948,2.633437544107437,1.2748865219571495,1.8876653685276283,0.13806712588369846,14.961020180606948,19.073602982984717,14.214100844809863,native,verified_mad,significant
100.0,248.0,0.021996093750033197,0.9995007821114393,559,1857612,1859613,464.403,500.25,-0.5006250143051147,0.3294151274085045,False,True,True,significant_er,True,464.403,13.5,15.75,35.5,18.75,35.5,22.0,5.25,-4.935312271118164,-0.010312500409781933,4.434687256813049,4.924999770708382,2.5465621948242188,4.124374747276306,4.924999770708382,1.110563042104505,2.4891781570856812,0.3294151274085045,13.462306032210952,14.950739540874023,12.52029553021015,native,verified_mad,significant
63.0,154.0,0.021995117187486812,0.9994120583496297,364,1285954,1287954,321.4885,500.0,-0.062187500298023224,0.13343399425595998,False,True,True,significant_er,True,321.4885,15.75,17.75,37.75,21.5,37.75,22.0,5.75,-1.6924999952316284,0.4996874928474426,1.6303124949336052,2.192187488079071,0.9259374737739563,1.4628124982118607,2.192187488079071,1.3446425117218699,1.5880299346091071,0.13343399425595998,12.218119558095935,16.42900297111622,10.962817281822637,native,verified_mad,significant
38.0,126.0,0.021993896484332254,0.9993011647219668,324,1205965,1207965,301.49125,500.0,-0.03437500074505806,0.11397487124428153,False,True,True,significant_er,True,301.49125,15.0,17.0,37.0,23.0,37.0,22.0,8.0,-1.5449999570846558,0.5331249833106995,1.5106249563395977,2.0781249403953552,0.7803124785423279,1.247499942779541,2.0781249403953552,1.3756723213621926,2.1461803731085864,0.12092456868588923,12.492291457028562,17.18529958782357,10.316348086549864,native,verified_mad,significant
41.0,131.0,0.021990478515647283,0.9989907280091589,333,1223964,1225964,305.991,500.0,-0.1171875,0.1348239304304123,False,True,True,significant_er,True,305.991,14.75,16.75,36.75,21.25,36.75,22.0,6.5,-1.8471875190734863,0.10781250149011612,1.7300000190734863,1.9550000205636024,0.9353125095367432,1.4218750298023224,1.9550000205636024,1.1300578028956418,1.978090701388248,0.1348239304304123,12.83155010798624,14.500393322776267,10.546162133555404,native,verified_mad,significant
21.0,103.0,0.02197265625,0.9987571022731195,255,1067971,1069971,266.99275,500.0,0.19562500715255737,0.09358914620876312,False,True,True,significant_er,True,266.99275,19.75,21.75,41.75,26.25,41.75,22.0,6.5,-1.1203124523162842,-0.19187499582767487,1.3159374594688416,0.9284374564886093,0.7615624666213989,0.5306249260902405,0.9284374564886093,0.7055331161887884,2.3017700903797382,0.12092456868588923,10.88230021218508,7.677823180004853,4.388065484596262,native,verified_mad,significant
88.0,179.0,0.02174999999999727,0.9995848527347975,430,1599619,1601619,399.90475,500.0,0.043437499552965164,0.13528724801167846,False,True,True,significant_er,True,399.90475,12.25,14.25,34.0,19.0,34.0,21.75,6.75,-1.1375000476837158,0.20749999582767487,1.180937547236681,1.3450000435113907,0.7515625357627869,0.93687504529953,1.3450000435113907,1.1389256329927062,2.5069850041227424,0.13528724801167846,8.729112053005457,9.941809470433501,6.925080220558968,native,verified_mad,significant
99.0,247.0,0.02174999999999727,0.9995848527347975,558,1855613,1857612,463.90325,499.75,-0.38624998927116394,0.18625160202383995,False,True,True,significant_er,True,463.90325,12.25,14.0,34.0,16.25,34.0,21.75,4.0,-2.4540624618530273,1.0553125143051147,2.0678124725818634,3.509374976158142,1.1481249332427979,1.3378124237060547,3.509374976158142,1.6971437316926272,3.293027261809089,0.18625160202383995,11.102253350374866,18.842119681252175,7.1828237135636375,native,verified_mad,significant
10.0,12.0,0.021749450683600458,0.9998849555543023,44,412739,414739,103.18475,500.0,-0.06031249836087227,0.06764363229051232,False,True,True,significant_er,True,103.18475,13.25,15.25,35.0,19.25,35.0,21.75,6.0,-0.9671875238418579,0.08343750238418579,0.9068750254809856,1.0506250262260437,0.4803125262260437,0.8384375274181366,1.0506250262260437,1.158511367835735,2.217207372137849,0.12092456868588923,7.499510110610049,8.688267716340773,6.933558139008475,native,verified_mad,significant
67.0,158.0,0.021728515625,0.9990122126438035,369,1295955,1297954,323.98875,499.75,0.026875000447034836,0.12833756161630153,False,True,True,significant_er,True,323.98875,18.75,20.5,40.5,23.75,40.5,21.75,5.0,-1.302187442779541,0.24562500417232513,1.3290624432265759,1.5478124469518661,0.7962499260902405,0.9715624451637268,1.5478124469518661,1.1645897112209636,1.9796973425129876,0.12833756161630153,10.355989520824412,12.060478845464226,7.570367029946112,native,verified_mad,significant
23.0,109.0,0.021500000000003183,0.9993078014185877,271,1099971,1101971,274.99275,500.0,-0.05781250074505806,0.05374425121508539,False,True,True,significant_er,True,274.99275,19.0,20.5,40.5,24.25,40.5,21.5,5.25,-1.5359375476837158,0.3278124928474426,1.4781250469386578,1.8637500405311584,0.8025000691413879,0.8556250333786011,1.8637500405311584,1.2608879366405217,1.803263354741971,0.12092456868588923,12.223529618519459,15.412501039159304,7.075692249117317,native,verified_mad,significant
48.0,138.0,0.021500000000003183,0.9993078014185877,345,1247963,1249963,311.99075,500.0,0.02812499925494194,0.07598324933722615,False,True,True,significant_er,True,311.99075,14.75,16.25,36.25,18.75,36.25,21.5,4.0,-0.3709374964237213,0.6390625238418579,0.39906249567866325,1.0100000202655792,0.2368749976158142,0.5881249904632568,1.0100000202655792,2.5309319497637297,4.18399126248021,0.12092456868588923,3.3000944308948372,8.352314432389097,4.863569056764273,native,verified_mad,significant
19.0,96.0,0.021484375,0.9992732558138055,234,1025971,1027971,256.49275,500.0,-0.11812499910593033,0.053280930872261524,False,True,True,significant_er,True,256.49275,18.5,20.0,40.0,23.0,40.0,21.5,4.5,-1.3606250286102295,0.4440625011920929,1.2425000295042992,1.8046875298023224,0.7015625238418579,0.9812500178813934,1.8046875298023224,1.452464778228062,1.9742887299258762,0.12092456868588923,10.275000713310689,14.924076632351987,8.114562892758915,native,verified_mad,significant
25.0,111.0,0.021484375,0.9992732558138055,280,1117971,1119971,279.49275,500.0,-0.09687499701976776,0.04494132487177849,False,True,True,significant_er,True,279.49275,20.25,22.75,41.75,26.25,41.75,21.5,6.0,-1.7981250286102295,0.08906249701976776,1.7012500315904617,1.8871875256299973,0.9303125143051147,0.4481250047683716,1.8871875256299973,1.1092946307637723,1.7752748254034727,0.12092456868588923,14.068688026579514,15.606320089775226,3.7058226433075845,native,verified_mad,significant
68.0,159.0,0.021484375,0.9992732558138055,371,1299954,1301954,324.9885,500.0,-0.31812500953674316,0.13436060732603072,False,True,True,significant_er,True,324.9885,16.25,17.75,37.75,20.0,37.75,21.5,3.75,-1.2000000476837158,0.5506250262260437,0.8818750381469727,1.7506250739097595,0.4671875238418579,1.1365625485777855,1.7506250739097595,1.9851169362818517,3.214245299503349,0.13436060732603072,6.563493986054052,13.029303072899978,8.45904593018009,native,verified_mad,significant
95.0,215.0,0.021247314453148647,0.531439109434655,521,1781617,1783617,445.40425,500.0,-0.17000000178813934,0.04818449823260307,False,True,True,significant_er,True,445.40425,11.0,13.0,32.25,16.0,32.25,21.25,5.0,-3.5537500381469727,1.2949999570846558,3.3837500363588333,4.848749995231628,1.855625033378601,0.3875000476837158,4.848749995231628,1.4329515901385093,2.775130362088194,0.12092456868588923,27.98232049227632,40.09731064517274,3.2044774018609625,native,verified_mad,significant
32.0,120.0,0.021235595703103627,0.9991040558677192,312,1181966,1183966,295.4915,500.0,-0.14749999344348907,0.14687006603479386,False,True,True,significant_er,True,295.4915,17.0,18.25,38.25,20.5,38.25,21.25,3.5,-0.8918750286102295,0.5831249952316284,0.7443750351667404,1.475000023841858,0.41750001907348633,1.027500033378601,1.475000023841858,1.981528066039261,3.230356537900378,0.14687006603479386,5.068255603496469,10.042890724189006,6.99597992374555,native,verified_mad,significant
73.0,164.0,0.02075000000002092,0.9999058823539492,380,1317954,1319954,329.4885,500.0,-0.10593750327825546,0.1408470051364973,False,True,True,significant_er,True,329.4885,16.75,18.25,37.5,20.75,37.5,20.75,4.0,-1.1415624618530273,1.3971874713897705,1.0356249585747719,2.538749933242798,0.6443749666213989,1.306249961256981,2.538749933242798,2.4514182593055964,3.8441698459107383,0.1408470051364973,7.352836203873341,18.024876927858358,9.27424732951241,native,verified_mad,significant
76.0,167.0,0.020739257812522283,0.9988711725706323,390,1337954,1339954,334.4885,500.0,-0.06468749791383743,0.11768138427883386,False,True,True,significant_er,True,334.4885,17.25,19.0,38.0,23.75,38.0,20.75,6.5,-2.1865625381469727,0.2553125023841858,2.1218750402331352,2.4418750405311584,1.1409375667572021,1.3606250286102295,2.4418750405311584,1.1508100120084659,1.7285866681734166,0.12092456868588923,17.54709620461717,20.19337399394919,11.251849342084954,native,verified_mad,significant
59.0,149.0,0.020738037109367724,0.9987536596533159,360,1277955,1279955,319.48875,500.0,0.5274999737739563,0.08385953775644302,False,True,True,significant_er,True,319.48875,15.75,18.25,36.5,24.0,36.5,20.75,8.25,-2.4024999141693115,-0.038750000298023224,2.929999887943268,2.3637499138712883,1.6268749237060547,1.7340624332427979,2.3637499138712883,0.8067406157924933,3.1292568912307166,0.12092456868588923,24.22998005933902,19.547309033710995,14.34003405666186,native,verified_mad,significant
57.0,147.0,0.020495117187522283,0.744417841625232,357,1271962,1273954,317.9905,498.0,-0.016249999403953552,0.0722767473489046,False,True,True,significant_er,True,317.9905,14.5,16.0,35.0,18.0,35.0,20.5,3.5,-0.9175000190734863,0.5975000262260437,0.9012500196695328,1.51500004529953,0.5740625262260437,0.9528125189244747,1.51500004529953,1.6809986266131178,3.2841555955297075,0.12092456868588923,7.452993460829274,12.528471771810556,7.879395637122161,native,verified_mad,significant
70.0,161.0,0.02049267578127001,0.9989051529222188,373,1303954,1305954,325.9885,500.0,-0.203125,0.13343400530219077,False,True,True,significant_er,True,325.9885,14.75,17.25,35.25,20.5,35.25,20.5,5.75,-1.5371874570846558,1.3293750286102295,1.3340624570846558,2.8665624856948853,0.7531249523162842,0.8581249713897705,2.8665624856948853,2.148746837505061,3.0297138262047607,0.13343400530219077,9.997919601254393,21.48299812482524,6.431081563101977,native,verified_mad,significant
79.0,170.0,0.020477294921875,0.9988924352121072,401,1541618,1543618,385.4045,500.0,-0.1731249988079071,0.06486375441849232,False,True,True,significant_er,True,385.4045,11.75,14.0,32.25,18.75,32.25,20.5,7.0,-1.911562442779541,-0.2615624964237213,1.738437443971634,1.6499999463558197,0.9499999284744263,0.731874942779541,1.6499999463558197,0.9491281679864362,3.1376503373922175,0.12092456868588923,14.376213724502566,13.644869394918581,6.052326262007532,native,verified_mad,significant
72.0,163.0,0.01999999999998181,0.9990243902429938,376,1309954,1311954,327.4885,500.0,-0.17937499284744263,0.08015306338369846,False,True,True,significant_er,True,327.4885,16.0,17.5,36.0,21.5,36.0,20.0,5.5,-0.7784374952316284,0.8759375214576721,0.5990625023841858,1.6543750166893005,0.38343748450279236,0.6343749910593033,1.6543750166893005,2.7616066939678534,3.962740296592655,0.12092456868588923,4.954018103139125,13.681049555666934,5.246038898076541,native,verified_mad,significant
71.0,162.0,0.019989013671875,0.999450683594659,375,1307954,1309954,326.9885,500.0,-0.1471875011920929,0.10841513206958771,False,True,True,significant_er,True,326.9885,15.25,18.0,35.25,23.75,35.25,20.0,8.5,-2.3271875381469727,0.7840625047683716,2.1800000369548798,3.1112500429153442,1.1281250715255737,1.6528125405311584,3.1112500429153442,1.4271788945752844,2.597514769468353,0.12092456868588923,18.027767728637475,25.728849618616817,13.668128474573805,native,verified_mad,significant
34.0,122.0,0.019985839843798203,0.9991334383028713,320,1197965,1199965,299.49125,500.0,-0.11093749850988388,0.1172180611744523,False,True,True,significant_er,True,299.49125,18.0,19.5,38.0,22.0,38.0,20.0,4.0,-0.7231249809265137,0.2421875,0.6121874824166298,0.9653124809265137,0.34312498569488525,0.6149999797344208,0.9653124809265137,1.5768249248023034,2.5361907443877354,0.12092456868588923,5.062556675367049,7.982765548943046,5.085814954047345,native,verified_mad,significant
90.0,190.0,0.019746093749972715,0.6373974513546986,482,1703618,1705618,425.9045,500.0,-0.09437499940395355,0.11397487676739693,False,True,True,significant_er,True,425.9045,12.0,14.25,31.75,19.0,31.75,19.75,7.0,-1.9918750524520874,-0.15968750417232513,1.8975000530481339,1.8321875482797623,1.049375057220459,1.049375057220459,1.8321875482797623,0.9655797085942348,3.179571027882314,0.12092456868588923,15.691600753003591,15.151491282462283,8.677930950047799,native,verified_mad,significant
93.0,204.0,0.019740234374978627,0.7780974835190634,508,1755618,1757618,438.9045,500.0,-0.16875000298023224,0.17420548851191997,False,True,True,significant_er,True,438.9045,11.75,13.75,31.5,18.0,31.5,19.75,6.25,-2.773124933242798,0.4465624988079071,2.6043749302625656,3.219687432050705,1.6684374809265137,1.2521874904632568,3.219687432050705,1.236261106125033,2.5370543213319325,0.17420548851191997,14.95001651503283,18.482123953461997,7.187991039545095,native,verified_mad,significant
65.0,156.0,0.01949389648439137,0.9993366708405522,366,1289954,1291955,322.4885,500.25,-0.012500000186264515,0.12741094164233654,False,True,True,significant_er,True,322.4885,17.0,19.0,36.5,20.75,36.5,19.5,3.75,-0.7699999809265137,1.0325000286102295,0.7574999807402492,1.8025000095367432,0.48093748092651367,1.2396874725818634,1.8025000095367432,2.379538026885878,3.946394114490032,0.12741094164233654,5.945329113622566,14.147136708216607,9.72983526063146,native,verified_mad,significant
92.0,193.0,0.019485839843753183,0.9985112531751854,486,1711618,1713618,427.9045,500.0,-0.06031249836087227,0.08802937389537692,False,True,True,significant_er,True,427.9045,11.5,13.5,31.0,17.5,31.0,19.5,6.0,-2.0,0.9006249904632568,1.9396875016391277,2.900624990463257,1.1190624833106995,0.5640624761581421,2.900624990463257,1.495408403679506,2.652710412544056,0.12092456868588923,16.040474840787844,23.987060875923824,4.664581253321129,native,verified_mad,significant
66.0,157.0,0.019249999999999545,0.9996576862123377,367,1291955,1293954,322.98875,499.75,0.18468749523162842,0.11397486572116612,False,True,True,significant_er,True,322.98875,16.5,18.75,35.75,22.25,35.75,19.25,5.75,-1.589687466621399,0.8678125143051147,1.7743749618530273,2.4574999809265137,1.095312476158142,1.5762499663978815,2.4574999809265137,1.3849947354757985,1.7868138572142787,0.12092456868588923,14.673403272267205,20.32258628360343,13.034985226966661,native,verified_mad,significant
69.0,160.0,0.019249999999999545,0.9996576862123377,372,1301954,1303954,325.4885,500.0,-0.16187499463558197,0.12324114002287387,False,True,True,significant_er,True,325.4885,16.75,18.5,36.0,22.5,36.0,19.25,5.75,-1.5946874618530273,0.17531250417232513,1.4328124672174454,1.7699999660253525,0.786562442779541,1.165937453508377,1.7699999660253525,1.2353326108773557,1.9952165678657132,0.12324114002287387,11.626089039354161,14.362086927277986,9.460618859026914,native,verified_mad,significant
44.0,134.0,0.019242675781242724,0.9988974082750433,337,1231964,1233964,307.991,500.0,-0.3046875,0.07413001767396926,False,True,True,significant_er,True,307.991,16.5,18.5,35.75,22.5,35.75,19.25,6.0,-2.154062509536743,-0.11781249940395355,1.8493750095367432,2.0362500101327896,1.0068750381469727,1.2915624976158142,2.0362500101327896,1.1010476510347447,2.129364843209706,0.12092456868588923,15.293625022890389,16.83900990725966,10.680728586849428,native,verified_mad,significant
94.0,214.0,0.019235595703094077,0.5325956169630164,520,1779617,1781617,444.90425,500.0,-0.21687500178813934,0.06532707752287388,False,True,True,significant_er,True,444.90425,10.5,13.75,29.75,19.0,29.75,19.25,8.5,-4.867812633514404,0.1953125,4.650937631726265,5.063125133514404,2.393125057220459,0.6568751335144043,5.063125133514404,1.0886246031287137,3.8415204143434916,0.12092456868588923,38.46147794669774,41.8701111654676,5.43210648301494,native,verified_mad,significant
89.0,183.0,0.018746093749996362,0.5558378757932181,456,1651619,1653619,412.90475,500.0,0.09843750298023224,0.0694968805231154,False,True,True,significant_er,True,412.90475,11.75,13.5,30.5,19.75,30.5,18.75,8.0,-0.7990624904632568,0.3499999940395355,0.8974999934434891,1.1490624845027924,0.4543749988079071,0.3193749785423279,1.1490624845027924,1.2802924711944779,3.3011670493468874,0.12092456868588923,7.421982176135055,9.502307901445318,2.641109098118255,native,verified_mad,significant
27.0,115.0,0.01873779296875,0.9993489583327274,296,1149971,1151972,287.49275,500.25,0.07312499731779099,0.10331869942992924,False,True,True,significant_er,True,287.49275,16.0,17.75,34.75,22.75,34.75,18.75,6.75,-0.8596875071525574,0.22218750417232513,0.9328125044703484,1.0818750113248825,0.6196875125169754,0.5356250107288361,1.0818750113248825,1.1597990015573085,2.3034630595893946,0.12092456868588923,7.714003155912839,8.946693158237638,4.429414274944927,native,verified_mad,significant
86.0,177.0,0.01850000000001728,0.9986952224062047,424,1587618,1589618,396.9045,500.0,0.04625000059604645,0.09497906305231153,False,True,True,significant_er,True,396.9045,11.5,13.75,30.0,19.0,30.0,18.5,7.5,-2.012500047683716,-0.08531250059604645,2.0587500482797623,1.9271875470876694,1.2000000476837158,0.7271875143051147,1.9271875470876694,0.9360959329171489,3.6779770813190273,0.12092456868588923,17.02507662960967,15.937104990580414,6.013563018728143,native,verified_mad,significant
28.0,116.0,0.018248779296868634,0.9998929837449383,297,1151972,1153968,287.993,499.0,-0.05531249940395355,0.1199979445695877,False,True,True,significant_er,True,287.993,18.75,20.5,37.0,23.25,37.0,18.25,4.5,-1.0206249952316284,0.296875,0.9653124958276749,1.3174999952316284,0.6065624952316284,0.7240625023841858,1.3174999952316284,1.3648429922187864,2.3738310375038982,0.12092456868588923,7.9827656721699585,10.895221786185857,5.987720363634236,native,verified_mad,significant
91.0,192.0,0.018240234375014097,0.9989570798237802,485,1709618,1711618,427.4045,500.0,0.15000000596046448,0.10424531249999999,False,True,True,significant_er,True,427.4045,11.75,14.0,30.0,18.75,30.0,18.25,7.0,-2.530937433242798,0.2640624940395355,2.6809374392032623,2.7949999272823334,1.6003124117851257,1.2453124523162842,2.7949999272823334,1.0425457477713351,3.3202008384648516,0.12092456868588923,22.17032872920309,23.11358194332335,10.298258375856424,native,verified_mad,significant
20.0,98.0,0.01823657226566411,0.9985562462432362,238,1033971,1035971,258.49275,500.0,-0.04062499850988388,0.13389731736034155,False,True,True,significant_er,True,258.49275,21.0,22.0,39.25,25.25,39.25,18.25,4.25,-0.7878124713897705,0.676562488079071,0.7471874728798866,1.4643749594688416,0.3943749666213989,0.34999996423721313,1.4643749594688416,1.9598494522729313,3.488686200213374,0.13389731736034155,5.580302037486471,10.936551891685383,2.61394306575464,native,verified_mad,significant
7.0,7.0,0.018000000000000682,0.9997016949152921,38,400748,402750,100.187,500.49999999999994,-0.047187499701976776,0.11953463251143694,False,True,True,significant_er,True,100.187,16.25,18.0,34.25,20.75,34.25,18.0,4.5,-0.5425000190734863,0.13968749344348907,0.49531251937150955,0.6821875125169754,0.29593752324581146,0.614687517285347,0.6821875125169754,1.3772870376516773,2.5250964344300098,0.12092456868588923,4.096045367406862,5.641430190162674,5.083231008927926,native,verified_mad,significant
15.0,59.0,0.018000000000000682,0.7009197860962832,156,636726,638726,159.1815,500.0,1.2612500190734863,0.10517195870876311,False,True,True,significant_er,True,159.1815,12.75,14.75,30.75,18.5,30.75,18.0,5.75,-1.9681249856948853,0.6328125,3.2293750047683716,2.6009374856948853,1.6509374976158142,2.1528124809265137,2.6009374856948853,0.8053996460164708,3.4643172786843426,0.12092456868588923,26.7056979393238,21.508759666954184,17.8029370236466,native,verified_mad,significant
64.0,155.0,0.01799999999997226,0.9997016949137136,365,1287954,1289954,321.9885,500.0,-0.30781251192092896,0.09868552361726761,False,True,True,significant_er,True,321.9885,16.75,18.75,34.75,22.25,34.75,18.0,5.5,-2.0840625762939453,0.6312500238418579,1.7762500643730164,2.7153126001358032,1.0637500286102295,1.1790626049041748,2.7153126001358032,1.5286769890106993,2.2497209182658935,0.12092456868588923,14.688909653975786,22.454598181689896,9.750397439637595,native,verified_mad,significant
83.0,174.0,0.017998779296874545,0.9995661311112446,409,1557618,1559618,389.4045,500.0,-0.11968749761581421,0.06903356294184923,False,True,True,significant_er,True,389.4045,13.75,15.5,31.75,18.75,31.75,18.0,5.0,-0.753125011920929,0.15812499821186066,0.6334375143051147,0.9112500101327896,0.3634375035762787,0.5687500089406967,0.9112500101327896,1.4385791645643802,2.811300044405912,0.12092456868588923,5.23828632335681,7.535689562803658,4.703345359188902,native,verified_mad,significant
82.0,173.0,0.01799487304685954,0.9991324504207197,408,1555618,1557618,388.9045,500.0,-0.3478125035762787,0.12926418573260307,False,True,True,significant_er,True,388.9045,13.25,15.25,31.25,21.5,31.25,18.0,8.25,-1.579687476158142,-0.19093750417232513,1.2318749725818634,1.388749971985817,0.7259374856948853,0.9234374761581421,1.388749971985817,1.1273465269573277,3.4767157833037268,0.12926418573260307,9.52990161660191,10.743501489721185,7.143799892635167,native,verified_mad,significant
3.0,3.0,0.017498229980461133,0.9996931434999716,32,388744,390744,97.186,500.0,-0.09531249850988388,0.14501680675596,False,True,True,significant_er,True,97.186,15.0,17.0,32.5,22.25,32.5,17.5,7.25,-0.6943749785423279,0.12093749642372131,0.599062480032444,0.8153124749660492,0.32343748211860657,0.6568749770522118,0.8153124749660492,1.360980702583633,2.525017008648801,0.14501680675596,4.130986562409762,5.622192994071986,4.52964723018365,native,verified_mad,significant
77.0,168.0,0.017486572265625,0.9992327008937659,397,1533618,1535618,383.4045,500.0,0.03500000014901161,0.11304824712797999,False,True,True,significant_er,True,383.4045,17.0,19.25,34.5,24.5,34.5,17.5,7.5,-2.698124885559082,-0.5143749713897705,2.7331248857080936,2.1837499141693115,1.4812499284744263,1.492499828338623,2.1837499141693115,0.7989938277568129,3.1255333543092756,0.12092456868588923,22.601898980575186,18.058777781062574,12.342403570737597,native,verified_mad,significant
26.0,114.0,0.017249999999989996,0.9986713780912936,291,1139971,1141971,284.99275,500.0,-0.21312500536441803,0.06347378510534762,False,True,True,significant_er,True,284.99275,18.25,20.25,35.5,24.25,35.5,17.25,6.0,-1.152500033378601,0.3096874952316284,0.939375028014183,1.4621875286102295,0.6006250381469727,0.5593750476837158,1.4621875286102295,1.5565535435844615,2.1215034105820916,0.12092456868588923,7.768272719287353,12.091732428737231,4.62581801004174,native,verified_mad,significant
6.0,6.0,0.01724877929687807,0.8518069747115002,37,398746,400748,99.6865,500.49999999999994,0.06624999642372131,0.08571280670072882,False,True,True,significant_er,True,99.6865,13.75,16.25,31.0,21.75,31.0,17.25,8.0,-0.6787499785423279,0.5387499928474426,0.7449999749660492,1.2174999713897705,0.44968748092651367,0.9274999797344208,1.2174999713897705,1.6342282044308174,3.368831032334642,0.12092456868588923,6.160865265529648,10.06825978062671,7.670070605285122,native,verified_mad,significant
87.0,178.0,0.017242431640625,0.9995612545295652,426,1591618,1593618,397.9045,500.0,-0.1081250011920929,0.06162055896520614,False,True,True,significant_er,True,397.9045,12.0,14.0,29.25,18.0,29.25,17.25,6.0,-0.8840625286102295,0.03750000149011612,0.7759375274181366,0.9215625301003456,0.5234375298023224,0.5234375298023224,0.9215625301003456,1.187676194972504,3.0242068775809985,0.12092456868588923,6.416707008760919,7.6209701644185674,4.328628462277101,native,verified_mad,significant
75.0,166.0,0.01699511718749136,0.9995261684248115,384,1325954,1327954,331.4885,500.0,0.10218749940395355,0.24509231073260307,False,True,True,significant_er,True,331.4885,16.5,18.5,33.5,23.0,33.5,17.0,6.5,-1.5125000476837158,0.5628125071525574,1.6146875470876694,2.075312554836273,0.9921875596046448,1.2690625488758087,2.075312554836273,1.2852719144204772,2.1754741939866116,0.24509231073260307,6.588079170094004,8.467473127300389,5.177896218296143,native,verified_mad,significant
74.0,165.0,0.016497314453147283,0.9990685433814953,381,1319954,1321954,329.9885,500.0,-0.09125000238418579,0.12880086262822152,False,True,True,significant_er,True,329.9885,17.25,19.0,33.75,21.5,33.75,16.5,4.25,-1.1818749904632568,0.596875011920929,1.090624988079071,1.7787500023841858,0.6331250071525574,1.2712499871850014,1.7787500023841858,1.6309455787521578,3.0307064324270523,0.12880086262822152,8.467528600542963,13.810078334012992,9.869887213833444,native,verified_mad,significant
40.0,130.0,0.0164963378906009,0.9989503252479455,332,1221964,1223964,305.491,500.0,0.4399999976158142,0.2010776320695877,False,True,True,significant_er,True,305.491,12.75,15.0,29.25,20.0,29.25,16.5,7.25,-2.5559375286102295,0.4137499928474426,2.9959375262260437,2.969687521457672,1.6340625286102295,2.362187534570694,2.969687521457672,0.9912381334595323,3.5808111483284564,0.2010776320695877,14.8994072358542,14.768860618121566,11.747639507477404,native,verified_mad,significant
85.0,176.0,0.016250000000013642,0.9990243902447411,423,1585618,1587618,396.4045,500.0,-0.18531249463558197,0.07320337146520614,False,True,True,significant_er,True,396.4045,12.25,14.75,28.5,20.0,28.5,16.25,7.75,-2.182187557220459,-0.13750000298023224,1.996875062584877,2.0446875542402267,1.1875000596046448,1.417500078678131,2.0446875542402267,1.0239436570425484,3.829993879542236,0.12092456868588923,16.513394128962428,16.908785174594737,11.722184284652654,native,verified_mad,significant
4.0,4.0,0.016248291015628524,0.9997521387426854,34,392744,394745,98.186,500.25,-0.053437501192092896,0.06440043131411076,False,True,True,significant_er,True,98.186,15.75,17.5,32.0,20.25,32.0,16.25,4.5,-0.5831249952316284,0.3890624940395355,0.5296874940395355,0.9721874892711639,0.3062500059604645,0.7006249949336052,0.9721874892711639,1.8353982304868246,3.5234194078590355,0.12092456868588923,4.380313279557267,8.039619242277348,5.7939011281779464,native,verified_mad,significant
49.0,139.0,0.01573925781252683,0.998822508678041,346,1249963,1251963,312.49075,500.0,-0.10562500357627869,0.12138788074404,False,True,True,significant_er,True,312.49075,14.0,16.5,29.75,20.0,29.75,15.75,6.0,-2.6703124046325684,0.12718750536441803,2.5646874010562897,2.7974999099969864,1.3843748569488525,2.397499918937683,2.7974999099969864,1.0907761736751274,3.032566321017424,0.12138788074404,21.12803506689619,23.045957247542937,19.75073544609516,native,verified_mad,significant
81.0,172.0,0.015487792968713165,0.9982376081794279,403,1545618,1547618,386.4045,500.0,-0.7615625262260437,0.06996010973453522,False,True,True,significant_er,True,386.4045,14.25,16.0,29.75,19.5,29.75,15.5,5.25,-1.550937533378601,-0.15843750536441803,0.7893750071525574,1.392500028014183,0.4343750476837158,0.8165625333786011,1.392500028014183,1.7640538595682491,3.4807820429678658,0.12092456868588923,6.527829834175543,11.51544341358213,6.752660292712595,native,verified_mad,significant
30.0,118.0,0.015245117187532742,0.9987843890010886,300,1157973,1159971,289.49325,499.5,-0.12187500298023224,0.09451575375571847,False,True,True,significant_er,True,289.49325,17.75,19.75,33.0,26.25,33.0,15.25,8.5,-1.3221875429153442,0.03437500074505806,1.200312539935112,1.3565625436604023,0.6715625524520874,0.4968750476837158,1.3565625436604023,1.1301744325138328,3.2715465872953327,0.12092456868588923,9.926126286652426,11.218254143078044,4.108966879794185,native,verified_mad,significant
24.0,110.0,0.015228271484375,0.9985751793045591,279,1115971,1117971,278.99275,500.0,0.06093750149011612,0.112121627154015,False,True,True,significant_er,True,278.99275,19.75,21.75,35.0,26.0,35.0,15.25,6.25,-0.8912500143051147,0.1928125023841858,0.9521875157952309,1.0840625166893005,0.5350000262260437,0.3753125071525574,1.0840625166893005,1.13849688082072,2.5236105465362195,0.12092456868588923,7.8742270999420345,8.964782992157991,3.1036910962854884,native,verified_mad,significant
5.0,5.0,0.014998229980463407,0.714274087358459,36,396744,398746,99.186,500.49999999999994,0.078125,0.04401468970924616,False,True,True,significant_er,True,99.186,17.5,19.25,32.5,23.75,32.5,15.0,6.25,-0.5896875262260437,0.10218749940395355,0.6678125262260437,0.6918750256299973,0.3593750298023224,0.4962500259280205,0.6918750256299973,1.0360318180012826,2.5889182402260875,0.12092456868588923,5.522554543574495,5.721542223790728,4.103798188580417,native,verified_mad,significant
37.0,125.0,0.014499999999998181,0.9981848739494547,323,1203965,1205965,300.99125,500.0,-0.1574999988079071,0.10517193661630153,False,True,True,significant_er,True,300.99125,15.75,18.5,30.25,22.5,30.25,14.5,6.75,-2.2743749618530273,-0.27437499165534973,2.1168749630451202,1.9999999701976776,1.2087500095367432,1.7512499690055847,1.9999999701976776,0.9447889011454327,3.228419805897985,0.12092456868588923,17.50574747588196,16.53923592146795,14.482168413224526,native,verified_mad,significant
22.0,108.0,0.01422119140625,0.997978344297959,270,1097971,1099971,274.49275,500.0,-0.029999999329447746,0.02779874834306538,False,True,True,significant_er,True,274.49275,15.75,17.75,30.0,21.0,30.0,14.25,5.25,-1.161562442779541,0.7149999737739563,1.1315624434500933,1.8765624165534973,0.669374942779541,1.4731249511241913,1.8765624165534973,1.6583816716573996,3.2431483195582933,0.12092456868588923,9.35758924548586,15.518454495612145,12.18218073575061,native,verified_mad,significant
98.0,244.0,0.014000000000010004,0.5160314960633609,555,1849613,1851613,462.40325,500.0,-0.5909374952316284,0.19459124116301535,False,True,True,significant_er,True,462.40325,12.5,14.5,26.5,17.0,26.5,14.0,4.5,-3.5799999237060547,0.7793750166893005,2.9890624284744263,4.359374940395355,1.5109374523162842,2.2796874046325684,4.359374940395355,1.458442252281869,3.8006555780881572,0.19459124116301535,15.36072441189885,22.402729507970847,11.715262161891454,native,verified_mad,significant
55.0,145.0,0.01397705078125,0.9983607700885723,352,1261963,1263963,315.49075,500.0,-0.21656249463558197,0.13714049072116613,False,True,True,significant_er,True,315.49075,14.0,15.75,28.0,19.0,28.0,14.0,5.0,-1.6034375429153442,0.12281250208616257,1.3868750482797623,1.7262500450015068,0.7437500357627869,1.675625041127205,1.7262500450015068,1.2447048111094758,3.4746511074705344,0.13714049072116613,10.112805058424028,12.587457110032632,12.218310087092247,native,verified_mad,significant
2.0,2.0,0.0137481689453125,0.9998668323862396,27,378744,380744,94.686,500.0,-0.023749999701976776,0.1403836861744523,False,True,True,significant_er,True,94.686,17.75,19.5,31.5,22.5,31.5,13.75,4.75,-0.44718751311302185,0.25718748569488525,0.4234375134110451,0.7043749988079071,0.22343751788139343,0.41312501206994057,0.7043749988079071,1.6634685791859602,3.2455595297227426,0.1403836861744523,3.016287183717678,5.017498955915667,2.942827783824949,native,verified_mad,significant
58.0,148.0,0.013500000000021828,0.9985733634327658,358,1273954,1275962,318.4885,502.0,-0.07968749850988388,0.14084700927883387,False,True,True,significant_er,True,318.4885,17.0,19.0,30.5,22.5,30.5,13.5,5.5,-2.2381250858306885,0.24156250059604645,2.1584375873208046,2.479687586426735,1.2121875286102295,1.9453125894069672,2.479687586426735,1.1488345092732966,2.993504198873557,0.14084700927883387,15.324695912057035,17.605539507890537,13.811529256938961,native,verified_mad,significant
46.0,136.0,0.01325000000002774,0.9981057471285264,339,1235964,1237964,308.991,500.0,-0.1368750035762787,0.11814467424452305,False,True,True,significant_er,True,308.991,16.0,18.0,29.25,22.75,29.25,13.25,6.75,-1.7653125524520874,-0.4090625047683716,1.6284375488758087,1.3562500476837158,0.89781254529953,1.1287500262260437,1.3562500476837158,0.8328535832522423,3.571796773810578,0.12092456868588923,13.46655660278433,11.215669920698073,9.334331629150217,native,verified_mad,significant
11.0,18.0,0.012997863769541596,0.6981395577564149,55,434738,436738,108.6845,500.0,-0.1496874988079071,0.1445535002209246,False,True,True,significant_er,True,108.6845,13.0,17.75,26.0,22.0,26.0,13.0,9.0,-1.380312442779541,0.04593750089406967,1.230624943971634,1.4262499436736107,0.6974999308586121,1.125937432050705,1.4262499436736107,1.1589639480820453,4.341964924363495,0.1445535002209246,8.513283608427606,9.86658878196542,7.789070692372772,native,verified_mad,significant
84.0,175.0,0.01274999999998272,0.778011173183303,418,1575618,1577618,393.9045,500.0,0.3187499940395355,0.162159375,False,True,True,significant_er,True,393.9045,15.25,17.0,28.0,20.5,28.0,12.75,5.25,-0.5746874809265137,0.5450000166893005,0.8934374749660492,1.1196874976158142,0.5868749804794788,0.9431249797344208,1.1196874976158142,1.2532354294388228,3.339882971841636,0.162159375,5.509625792317276,6.904858245881956,5.816037338170678,native,verified_mad,significant
80.0,171.0,0.012481689453125,0.9985351562509082,402,1543618,1545618,385.9045,500.0,-0.171875,0.09775893263965844,False,True,True,significant_er,True,385.9045,13.25,15.75,25.75,19.75,25.75,12.5,6.5,-1.9418749809265137,-0.41593751311302185,1.7699999809265137,1.5259374678134918,0.9246875047683716,1.5153124928474426,1.5259374678134918,0.862111573026534,3.9655725051285264,0.12092456868588923,14.637223850880323,12.618920078823937,12.531055593703064,native,verified_mad,significant
8.0,8.0,0.012249999999994543,0.9997708592772633,39,402750,404741,100.6875,497.75,0.12843750417232513,0.12694763096496461,False,True,True,significant_er,True,100.6875,14.0,16.0,26.25,20.5,26.25,12.25,6.5,-0.7484375238418579,0.04281250014901161,0.876875028014183,0.7912500239908695,0.556562528014183,0.7325000241398811,0.7912500239908695,0.902352101168596,3.8425206149455717,0.12694763096496461,6.907376067980234,6.232885308503638,5.770096051197983,native,verified_mad,significant
0.0,0.0,0.01224517822265625,0.9996063855234045,19,362744,364744,90.686,500.0,-0.08437500149011612,0.12648431467817864,False,True,True,significant_er,True,90.686,18.0,20.0,30.25,23.25,30.25,12.25,5.25,-0.503125011920929,0.07249999791383743,0.41875001043081284,0.5756250098347664,0.255312517285347,0.32250000536441803,0.5756250098347664,1.3746268549165157,2.869490906545639,0.12648431467817864,3.310687269771455,4.550959629258082,2.5497233090519837,native,verified_mad,significant
43.0,133.0,0.012237548828125,0.9989835778065674,336,1229964,1231964,307.491,500.0,-0.2356249988079071,0.14223694545328616,False,True,True,significant_er,True,307.491,14.0,18.25,26.25,22.0,26.25,12.25,8.0,-1.7859375476837158,-0.21875,1.5503125488758087,1.5671875476837158,0.8315625190734863,1.4531250596046448,1.5671875476837158,1.010884901125353,4.147208894384924,0.14223694545328616,10.899506762713536,11.018146816140789,10.21622796365438,native,verified_mad,significant
12.0,19.0,0.012000000000000455,0.5615365940735665,56,436738,438737,109.1845,499.75,-0.2150000035762787,0.11351155366301537,False,True,True,significant_er,True,109.1845,12.5,14.0,24.5,16.25,24.5,12.0,3.75,-0.675000011920929,0.3096874952316284,0.46000000834465027,0.9846875071525574,0.2615625262260437,0.48656250536441803,0.9846875071525574,2.140624976716936,5.426295625686539,0.12092456868588923,3.8040243876290787,8.142989616199154,4.023686093338908,native,verified_mad,significant
18.0,95.0,0.011992675781243634,0.9993286542558438,231,1019971,1021971,254.99275,500.0,-0.08624999970197678,0.1320440622238442,False,True,True,significant_er,True,254.99275,14.75,18.75,26.75,21.75,26.75,12.0,7.0,-0.6646875143051147,0.2084375023841858,0.578437514603138,0.8731250166893005,0.2981250286102295,0.5587500110268593,0.8731250166893005,1.5094543397454878,3.311822693650455,0.1320440622238442,4.3806401049867505,6.61237621733538,4.231542120232965,native,verified_mad,significant
56.0,146.0,0.011862060546832254,0.27641587256314204,353,1263963,1265963,315.99075,500.0,-0.02656250074505806,0.17096230962797998,False,True,True,significant_er,True,315.99075,15.5,17.5,37.5,20.75,37.5,22.0,5.25,-1.0918749570846558,0.3321875035762787,1.0653124563395977,1.4240624606609344,0.6181249618530273,1.0659374576061964,1.4240624606609344,1.3367556646751302,1.8335902638010928,0.17096230962797998,6.231270849450707,8.329686606128243,6.234926633394893,native,verified_mad,significant
1.0,1.0,0.011249877929685681,0.9996800034704721,22,368744,370744,92.186,500.0,-0.009999999776482582,0.1199979362849146,False,True,True,significant_er,True,92.186,18.25,20.5,29.5,24.0,29.5,11.25,5.75,-0.7309374809265137,0.05781250074505806,0.7209374811500311,0.7887499816715717,0.4137499928474426,0.49562497437000275,0.7887499816715717,1.0940615549816703,3.246066869481172,0.12092456868588923,5.9618776315235085,6.522661112155048,4.098629250912826,native,verified_mad,significant
13.0,20.0,0.0112457275390625,0.9996202256940909,57,438737,440738,109.68425,500.25,0.046875,0.06486374993096106,False,True,True,significant_er,True,109.68425,14.5,16.75,25.75,20.0,25.75,11.25,5.5,-0.6628124713897705,0.15812499821186066,0.7096874713897705,0.8209374696016312,0.41624997556209564,0.6878124717622995,0.8209374696016312,1.1567591407440256,3.702231645527311,0.12092456868588923,5.868844347365321,6.78883934441874,5.6879464548593495,native,verified_mad,significant
39.0,128.0,0.01123046875,0.9982638888872748,331,1219964,1221964,304.991,500.0,0.015312500298023224,0.10934175066277384,False,True,True,significant_er,True,304.991,14.0,18.5,25.25,19.75,25.25,11.25,5.75,-0.5724999904632568,0.6090624928474426,0.5878124907612801,1.1815624833106995,0.3740624934434891,0.5118749886751175,1.1815624833106995,2.0101010133017922,4.173817441996114,0.12092456868588923,4.860984803577574,9.771070479315894,4.233010663075026,native,verified_mad,significant
52.0,142.0,0.01123046875,0.9982638888872748,349,1255963,1257963,313.99075,500.0,0.18062500655651093,0.04494132487177849,False,True,True,significant_er,True,313.99075,15.5,17.75,26.75,23.25,26.75,11.25,7.75,-2.3656249046325684,-0.25999999046325684,2.5462499111890793,2.1056249141693115,1.4618749022483826,1.8856249153614044,2.1056249141693115,0.8269513942510068,4.322856817290967,0.12092456868588923,21.056514311853014,17.412713868253128,15.593397899639887,native,verified_mad,significant
14.0,22.0,0.01074664306639761,0.9993926665892321,60,444737,446737,111.18425,500.0,0.23093749582767487,0.13528727562725543,False,True,True,significant_er,True,111.18425,12.5,15.5,23.25,18.0,23.25,10.75,5.5,-0.5406249761581421,0.44437500834465027,0.771562471985817,0.9849999845027924,0.44843747466802597,0.6121874749660492,0.9849999845027924,1.2766302409286943,3.8850750115059025,0.13528727562725543,5.703141469946013,7.280802868827606,4.525092785908063,native,verified_mad,significant
54.0,144.0,0.010249755859376819,0.9995714387770848,351,1259963,1261963,314.99075,500.0,-0.13562500476837158,0.06671700265109538,False,True,True,significant_er,True,314.99075,15.75,18.25,26.0,21.25,26.0,10.25,5.5,-1.0459375381469727,-0.1681250035762787,0.9103125333786011,0.877812534570694,0.4831250309944153,0.8393750339746475,0.877812534570694,0.9642979772152711,3.9176757050822806,0.12092456868588923,7.527936988083928,7.259174410213352,6.9413109601820295,native,verified_mad,significant
35.0,123.0,0.009304443359326342,0.24197306683615363,321,1199965,1201965,299.99125,500.0,-0.08656249940395355,0.11073168131411075,False,True,True,significant_er,True,299.99125,15.25,17.25,37.25,21.75,37.25,22.0,6.5,-1.5075000524520874,-0.0859375,1.4209375530481339,1.4215625524520874,0.8062500357627869,0.9890625476837158,1.4215625524520874,1.0004398500149516,2.0908508613764356,0.12092456868588923,11.75061088486598,11.755779391239379,8.179169530493684,native,verified_mad,significant
16.0,67.0,0.009064208984398192,0.5741880606270201,181,686734,688735,171.6835,500.25,-0.07562500238418579,0.07644656691849232,False,True,True,significant_er,True,171.6835,12.75,16.0,22.25,17.5,22.25,9.5,4.75,-0.8934375047683716,0.8924999833106995,0.8178125023841858,1.785937488079071,0.4506250023841858,0.46281251311302185,1.785937488079071,2.183798221319056,5.337693515723698,0.12092456868588923,6.762997059005569,14.769020948242368,3.8272827279228308,native,verified_mad,significant
17.0,70.0,0.00899999999998613,0.5210459363949568,188,700734,702734,175.1835,500.0,0.4087499976158142,0.10748848586082457,False,True,True,significant_er,True,175.1835,12.5,16.75,21.5,18.75,21.5,9.0,6.25,-0.8184375166893005,0.6159374713897705,1.2271875143051147,1.434374988079071,0.6700000166893005,0.8265625163912773,1.434374988079071,1.16883114549228,3.9478190511130156,0.12092456868588923,10.148372060708587,11.861733340599868,6.835356333073524,native,verified_mad,significant
29.0,117.0,0.0011081542968440772,0.025623655731150694,299,1155973,1157973,288.99325,500.0,-0.11312499642372131,0.09173587588369846,False,True,True,significant_er,True,288.99325,17.0,19.25,34.5,25.25,34.5,17.5,8.25,-1.3621875047683716,0.23343749344348907,1.2490625083446503,1.5956249982118607,0.7787500023841858,0.6025000214576721,1.5956249982118607,1.2774580836042388,2.6956866320426354,0.12092456868588923,10.329269907004466,13.19520934043286,4.982445073033188,native,verified_mad,significant
